id,login,name,salary
1,1,a,1
2,2,b,2
3,3,c,3
4,4,a,4
5,5,b,104
6,6,c,105
7,7,a,106
8,8,a,107
9,9,a,108
10,10,a,109
11,11,a,110
12,12,a,111
13,13,a,112
14,14,a,113
15,15,a,114
16,16,a,115
17,17,a,116
18,18,a,117
19,19,a,118
20,20,a,119
21,21,a,120
22,22,a,121
23,23,a,122
24,24,a,123
25,25,a,124
26,26,a,125
27,27,a,126
28,28,a,127
29,29,a,128
30,30,a,129
31,31,a,130
32,32,a,131
33,33,a,132
34,34,a,133
35,35,a,134
36,36,a,135
37,37,a,136
38,38,a,137
39,39,a,138
40,40,a,139
41,41,a,140
42,42,a,141
43,43,a,142
44,44,a,143
45,45,a,144
46,46,a,145
47,47,a,146
48,48,a,147
49,49,a,148
50,50,a,149
51,51,a,150
52,52,a,151
53,53,a,152
54,54,a,153
55,55,a,154
56,56,a,155
57,57,a,156
58,58,a,157
59,59,a,158
60,60,a,159
61,61,a,160
62,62,a,161
63,63,a,162
64,64,a,163
65,65,a,164
66,66,a,165
67,67,a,166
68,68,a,167
69,69,a,168
70,70,a,169
71,71,a,170
72,72,a,171
73,73,a,172
74,74,a,173
75,75,a,174
76,76,a,175
77,77,a,176
78,78,a,177
79,79,a,178
80,80,a,179
81,81,a,180
82,82,a,181
83,83,a,182
84,84,a,183
85,85,a,184
86,86,a,185
87,87,a,186
88,88,a,187
89,89,a,188
90,90,a,189
91,91,a,190
92,92,a,191
93,93,a,192
94,94,a,193
95,95,a,194
96,96,a,195
97,97,a,196
98,98,a,197
99,99,a,198
100,100,a,199
101,101,a,200
102,102,a,201
103,103,a,202
104,104,a,203
105,105,a,204
106,106,a,205
107,107,a,206
108,108,a,207
109,109,a,208
110,110,a,209
111,111,a,210
112,112,a,211
113,113,a,212
114,114,a,213
115,115,a,214
116,116,a,215
117,117,a,216
118,118,a,217
119,119,a,218
120,120,a,219
121,121,a,220
122,122,a,221
123,123,a,222
124,124,a,223
125,125,a,224
126,126,a,225
127,127,a,226
128,128,a,227
129,129,a,228
130,130,a,229
131,131,a,230
132,132,a,231
133,133,a,232
134,134,a,233
135,135,a,234
136,136,a,235
137,137,a,236
138,138,a,237
139,139,a,238
140,140,a,239
141,141,a,240
142,142,a,241
143,143,a,242
144,144,a,243
145,145,a,244
146,146,a,245
147,147,a,246
148,148,a,247
149,149,a,248
150,150,a,249
151,151,a,250
152,152,a,251
153,153,a,252
154,154,a,253
155,155,a,254
156,156,a,255
157,157,a,256
158,158,a,257
159,159,a,258
160,160,a,259
161,161,a,260
162,162,a,261
163,163,a,262
164,164,a,263
165,165,a,264
166,166,a,265
167,167,a,266
168,168,a,267
169,169,a,268
170,170,a,269
171,171,a,270
172,172,a,271
173,173,a,272
174,174,a,273
175,175,a,274
176,176,a,275
177,177,a,276
178,178,a,277
179,179,a,278
180,180,a,279
181,181,a,280
182,182,a,281
183,183,a,282
184,184,a,283
185,185,a,284
186,186,a,285
187,187,a,286
188,188,a,287
189,189,a,288
190,190,a,289
191,191,a,290
192,192,a,291
193,193,a,292
194,194,a,293
195,195,a,294
196,196,a,295
197,197,a,296
198,198,a,297
199,199,a,298
200,200,a,299
201,201,a,300
202,202,a,301
203,203,a,302
204,204,a,303
205,205,a,304
206,206,a,305
207,207,a,306
208,208,a,307
209,209,a,308
210,210,a,309
211,211,a,310
212,212,a,311
213,213,a,312
214,214,a,313
215,215,a,314
216,216,a,315
217,217,a,316
218,218,a,317
219,219,a,318
220,220,a,319
221,221,a,320
222,222,a,321
223,223,a,322
224,224,a,323
225,225,a,324
226,226,a,325
227,227,a,326
228,228,a,327
229,229,a,328
230,230,a,329
231,231,a,330
232,232,a,331
233,233,a,332
234,234,a,333
235,235,a,334
236,236,a,335
237,237,a,336
238,238,a,337
239,239,a,338
240,240,a,339
241,241,a,340
242,242,a,341
243,243,a,342
244,244,a,343
245,245,a,344
246,246,a,345
247,247,a,346
248,248,a,347
249,249,a,348
250,250,a,349
251,251,a,350
252,252,a,351
253,253,a,352
254,254,a,353
255,255,a,354
256,256,a,355
257,257,a,356
258,258,a,357
259,259,a,358
260,260,a,359
261,261,a,360
262,262,a,361
263,263,a,362
264,264,a,363
265,265,a,364
266,266,a,365
267,267,a,366
268,268,a,367
269,269,a,368
270,270,a,369
271,271,a,370
272,272,a,371
273,273,a,372
274,274,a,373
275,275,a,374
276,276,a,375
277,277,a,376
278,278,a,377
279,279,a,378
280,280,a,379
281,281,a,380
282,282,a,381
283,283,a,382
284,284,a,383
285,285,a,384
286,286,a,385
287,287,a,386
288,288,a,387
289,289,a,388
290,290,a,389
291,291,a,390
292,292,a,391
293,293,a,392
294,294,a,393
295,295,a,394
296,296,a,395
297,297,a,396
298,298,a,397
299,299,a,398
300,300,a,399
301,301,a,400
302,302,a,401
303,303,a,402
304,304,a,403
305,305,a,404
306,306,a,405
307,307,a,406
308,308,a,407
309,309,a,408
310,310,a,409
311,311,a,410
312,312,a,411
313,313,a,412
314,314,a,413
315,315,a,414
316,316,a,415
317,317,a,416
318,318,a,417
319,319,a,418
320,320,a,419
321,321,a,420
322,322,a,421
323,323,a,422
324,324,a,423
325,325,a,424
326,326,a,425
327,327,a,426
328,328,a,427
329,329,a,428
330,330,a,429
331,331,a,430
332,332,a,431
333,333,a,432
334,334,a,433
335,335,a,434
336,336,a,435
337,337,a,436
338,338,a,437
339,339,a,438
340,340,a,439
341,341,a,440
342,342,a,441
343,343,a,442
344,344,a,443
345,345,a,444
346,346,a,445
347,347,a,446
348,348,a,447
349,349,a,448
350,350,a,449
351,351,a,450
352,352,a,451
353,353,a,452
354,354,a,453
355,355,a,454
356,356,a,455
357,357,a,456
358,358,a,457
359,359,a,458
360,360,a,459
361,361,a,460
362,362,a,461
363,363,a,462
364,364,a,463
365,365,a,464
366,366,a,465
367,367,a,466
368,368,a,467
369,369,a,468
370,370,a,469
371,371,a,470
372,372,a,471
373,373,a,472
374,374,a,473
375,375,a,474
376,376,a,475
377,377,a,476
378,378,a,477
379,379,a,478
380,380,a,479
381,381,a,480
382,382,a,481
383,383,a,482
384,384,a,483
385,385,a,484
386,386,a,485
387,387,a,486
388,388,a,487
389,389,a,488
390,390,a,489
391,391,a,490
392,392,a,491
393,393,a,492
394,394,a,493
395,395,a,494
396,396,a,495
397,397,a,496
398,398,a,497
399,399,a,498
400,400,a,499
401,401,a,500
402,402,a,501
403,403,a,502
404,404,a,503
405,405,a,504
406,406,a,505
407,407,a,506
408,408,a,507
409,409,a,508
410,410,a,509
411,411,a,510
412,412,a,511
413,413,a,512
414,414,a,513
415,415,a,514
416,416,a,515
417,417,a,516
418,418,a,517
419,419,a,518
420,420,a,519
421,421,a,520
422,422,a,521
423,423,a,522
424,424,a,523
425,425,a,524
426,426,a,525
427,427,a,526
428,428,a,527
429,429,a,528
430,430,a,529
431,431,a,530
432,432,a,531
433,433,a,532
434,434,a,533
435,435,a,534
436,436,a,535
437,437,a,536
438,438,a,537
439,439,a,538
440,440,a,539
441,441,a,540
442,442,a,541
443,443,a,542
444,444,a,543
445,445,a,544
446,446,a,545
447,447,a,546
448,448,a,547
449,449,a,548
450,450,a,549
451,451,a,550
452,452,a,551
453,453,a,552
454,454,a,553
455,455,a,554
456,456,a,555
457,457,a,556
458,458,a,557
459,459,a,558
460,460,a,559
461,461,a,560
462,462,a,561
463,463,a,562
464,464,a,563
465,465,a,564
466,466,a,565
467,467,a,566
468,468,a,567
469,469,a,568
470,470,a,569
471,471,a,570
472,472,a,571
473,473,a,572
474,474,a,573
475,475,a,574
476,476,a,575
477,477,a,576
478,478,a,577
479,479,a,578
480,480,a,579
481,481,a,580
482,482,a,581
483,483,a,582
484,484,a,583
485,485,a,584
486,486,a,585
487,487,a,586
488,488,a,587
489,489,a,588
490,490,a,589
491,491,a,590
492,492,a,591
493,493,a,592
494,494,a,593
495,495,a,594
496,496,a,595
497,497,a,596
498,498,a,597
499,499,a,598
500,500,a,599
501,501,a,600
502,502,a,601
503,503,a,602
504,504,a,603
505,505,a,604
506,506,a,605
507,507,a,606
508,508,a,607
509,509,a,608
510,510,a,609
511,511,a,610
512,512,a,611
513,513,a,612
514,514,a,613
515,515,a,614
516,516,a,615
517,517,a,616
518,518,a,617
519,519,a,618
520,520,a,619
521,521,a,620
522,522,a,621
523,523,a,622
524,524,a,623
525,525,a,624
526,526,a,625
527,527,a,626
528,528,a,627
529,529,a,628
530,530,a,629
531,531,a,630
532,532,a,631
533,533,a,632
534,534,a,633
535,535,a,634
536,536,a,635
537,537,a,636
538,538,a,637
539,539,a,638
540,540,a,639
541,541,a,640
542,542,a,641
543,543,a,642
544,544,a,643
545,545,a,644
546,546,a,645
547,547,a,646
548,548,a,647
549,549,a,648
550,550,a,649
551,551,a,650
552,552,a,651
553,553,a,652
554,554,a,653
555,555,a,654
556,556,a,655
557,557,a,656
558,558,a,657
559,559,a,658
560,560,a,659
561,561,a,660
562,562,a,661
563,563,a,662
564,564,a,663
565,565,a,664
566,566,a,665
567,567,a,666
568,568,a,667
569,569,a,668
570,570,a,669
571,571,a,670
572,572,a,671
573,573,a,672
574,574,a,673
575,575,a,674
576,576,a,675
577,577,a,676
578,578,a,677
579,579,a,678
580,580,a,679
581,581,a,680
582,582,a,681
583,583,a,682
584,584,a,683
585,585,a,684
586,586,a,685
587,587,a,686
588,588,a,687
589,589,a,688
590,590,a,689
591,591,a,690
592,592,a,691
593,593,a,692
594,594,a,693
595,595,a,694
596,596,a,695
597,597,a,696
598,598,a,697
599,599,a,698
600,600,a,699
601,601,a,700
602,602,a,701
603,603,a,702
604,604,a,703
605,605,a,704
606,606,a,705
607,607,a,706
608,608,a,707
609,609,a,708
610,610,a,709
611,611,a,710
612,612,a,711
613,613,a,712
614,614,a,713
615,615,a,714
616,616,a,715
617,617,a,716
618,618,a,717
619,619,a,718
620,620,a,719
621,621,a,720
622,622,a,721
623,623,a,722
624,624,a,723
625,625,a,724
626,626,a,725
627,627,a,726
628,628,a,727
629,629,a,728
630,630,a,729
631,631,a,730
632,632,a,731
633,633,a,732
634,634,a,733
635,635,a,734
636,636,a,735
637,637,a,736
638,638,a,737
639,639,a,738
640,640,a,739
641,641,a,740
642,642,a,741
643,643,a,742
644,644,a,743
645,645,a,744
646,646,a,745
647,647,a,746
648,648,a,747
649,649,a,748
650,650,a,749
651,651,a,750
652,652,a,751
653,653,a,752
654,654,a,753
655,655,a,754
656,656,a,755
657,657,a,756
658,658,a,757
659,659,a,758
660,660,a,759
661,661,a,760
662,662,a,761
663,663,a,762
664,664,a,763
665,665,a,764
666,666,a,765
667,667,a,766
668,668,a,767
669,669,a,768
670,670,a,769
671,671,a,770
672,672,a,771
673,673,a,772
674,674,a,773
675,675,a,774
676,676,a,775
677,677,a,776
678,678,a,777
679,679,a,778
680,680,a,779
681,681,a,780
682,682,a,781
683,683,a,782
684,684,a,783
685,685,a,784
686,686,a,785
687,687,a,786
688,688,a,787
689,689,a,788
690,690,a,789
691,691,a,790
692,692,a,791
693,693,a,792
694,694,a,793
695,695,a,794
696,696,a,795
697,697,a,796
698,698,a,797
699,699,a,798
700,700,a,799
701,701,a,800
702,702,a,801
703,703,a,802
704,704,a,803
705,705,a,804
706,706,a,805
707,707,a,806
708,708,a,807
709,709,a,808
710,710,a,809
711,711,a,810
712,712,a,811
713,713,a,812
714,714,a,813
715,715,a,814
716,716,a,815
717,717,a,816
718,718,a,817
719,719,a,818
720,720,a,819
721,721,a,820
722,722,a,821
723,723,a,822
724,724,a,823
725,725,a,824
726,726,a,825
727,727,a,826
728,728,a,827
729,729,a,828
730,730,a,829
731,731,a,830
732,732,a,831
733,733,a,832
734,734,a,833
735,735,a,834
736,736,a,835
737,737,a,836
738,738,a,837
739,739,a,838
740,740,a,839
741,741,a,840
742,742,a,841
743,743,a,842
744,744,a,843
745,745,a,844
746,746,a,845
747,747,a,846
748,748,a,847
749,749,a,848
750,750,a,849
751,751,a,850
752,752,a,851
753,753,a,852
754,754,a,853
755,755,a,854
756,756,a,855
757,757,a,856
758,758,a,857
759,759,a,858
760,760,a,859
761,761,a,860
762,762,a,861
763,763,a,862
764,764,a,863
765,765,a,864
766,766,a,865
767,767,a,866
768,768,a,867
769,769,a,868
770,770,a,869
771,771,a,870
772,772,a,871
773,773,a,872
774,774,a,873
775,775,a,874
776,776,a,875
777,777,a,876
778,778,a,877
779,779,a,878
780,780,a,879
781,781,a,880
782,782,a,881
783,783,a,882
784,784,a,883
785,785,a,884
786,786,a,885
787,787,a,886
788,788,a,887
789,789,a,888
790,790,a,889
791,791,a,890
792,792,a,891
793,793,a,892
794,794,a,893
795,795,a,894
796,796,a,895
797,797,a,896
798,798,a,897
799,799,a,898
800,800,a,899
801,801,a,900
802,802,a,901
803,803,a,902
804,804,a,903
805,805,a,904
806,806,a,905
807,807,a,906
808,808,a,907
809,809,a,908
810,810,a,909
811,811,a,910
812,812,a,911
813,813,a,912
814,814,a,913
815,815,a,914
816,816,a,915
817,817,a,916
818,818,a,917
819,819,a,918
820,820,a,919
821,821,a,920
822,822,a,921
823,823,a,922
824,824,a,923
825,825,a,924
826,826,a,925
827,827,a,926
828,828,a,927
829,829,a,928
830,830,a,929
831,831,a,930
832,832,a,931
833,833,a,932
834,834,a,933
835,835,a,934
836,836,a,935
837,837,a,936
838,838,a,937
839,839,a,938
840,840,a,939
841,841,a,940
842,842,a,941
843,843,a,942
844,844,a,943
845,845,a,944
846,846,a,945
847,847,a,946
848,848,a,947
849,849,a,948
850,850,a,949
851,851,a,950
852,852,a,951
853,853,a,952
854,854,a,953
855,855,a,954
856,856,a,955
857,857,a,956
858,858,a,957
859,859,a,958
860,860,a,959
861,861,a,960
862,862,a,961
863,863,a,962
864,864,a,963
865,865,a,964
866,866,a,965
867,867,a,966
868,868,a,967
869,869,a,968
870,870,a,969
871,871,a,970
872,872,a,971
873,873,a,972
874,874,a,973
875,875,a,974
876,876,a,975
877,877,a,976
878,878,a,977
879,879,a,978
880,880,a,979
881,881,a,980
882,882,a,981
883,883,a,982
884,884,a,983
885,885,a,984
886,886,a,985
887,887,a,986
888,888,a,987
889,889,a,988
890,890,a,989
891,891,a,990
892,892,a,991
893,893,a,992
894,894,a,993
895,895,a,994
896,896,a,995
897,897,a,996
898,898,a,997
899,899,a,998
900,900,a,999
901,901,a,1000
902,902,a,1001
903,903,a,1002
904,904,a,1003
905,905,a,1004
906,906,a,1005
907,907,a,1006
908,908,a,1007
909,909,a,1008
910,910,a,1009
911,911,a,1010
912,912,a,1011
913,913,a,1012
914,914,a,1013
915,915,a,1014
916,916,a,1015
917,917,a,1016
918,918,a,1017
919,919,a,1018
920,920,a,1019
921,921,a,1020
922,922,a,1021
923,923,a,1022
924,924,a,1023
925,925,a,1024
926,926,a,1025
927,927,a,1026
928,928,a,1027
929,929,a,1028
930,930,a,1029
931,931,a,1030
932,932,a,1031
933,933,a,1032
934,934,a,1033
935,935,a,1034
936,936,a,1035
937,937,a,1036
938,938,a,1037
939,939,a,1038
940,940,a,1039
941,941,a,1040
942,942,a,1041
943,943,a,1042
944,944,a,1043
945,945,a,1044
946,946,a,1045
947,947,a,1046
948,948,a,1047
949,949,a,1048
950,950,a,1049
951,951,a,1050
952,952,a,1051
953,953,a,1052
954,954,a,1053
955,955,a,1054
956,956,a,1055
957,957,a,1056
958,958,a,1057
959,959,a,1058
960,960,a,1059
961,961,a,1060
962,962,a,1061
963,963,a,1062
964,964,a,1063
965,965,a,1064
966,966,a,1065
967,967,a,1066
968,968,a,1067
969,969,a,1068
970,970,a,1069
971,971,a,1070
972,972,a,1071
973,973,a,1072
974,974,a,1073
975,975,a,1074
976,976,a,1075
977,977,a,1076
978,978,a,1077
979,979,a,1078
980,980,a,1079
981,981,a,1080
982,982,a,1081
983,983,a,1082
984,984,a,1083
985,985,a,1084
986,986,a,1085
987,987,a,1086
988,988,a,1087
989,989,a,1088
990,990,a,1089
991,991,a,1090
992,992,a,1091
993,993,a,1092
994,994,a,1093
995,995,a,1094
996,996,a,1095
997,997,a,1096
998,998,a,1097
999,999,a,1098
1000,1000,a,1099
1001,1001,a,1100
1002,1002,a,1101
1003,1003,a,1102
1004,1004,a,1103
1005,1005,a,1104
1006,1006,a,1105
1007,1007,a,1106
1008,1008,a,1107
1009,1009,a,1108
1010,1010,a,1109
1011,1011,a,1110
1012,1012,a,1111
1013,1013,a,1112
1014,1014,a,1113
1015,1015,a,1114
1016,1016,a,1115
1017,1017,a,1116
1018,1018,a,1117
1019,1019,a,1118
1020,1020,a,1119
1021,1021,a,1120
1022,1022,a,1121
1023,1023,a,1122
1024,1024,a,1123
1025,1025,a,1124
1026,1026,a,1125
1027,1027,a,1126
1028,1028,a,1127
1029,1029,a,1128
1030,1030,a,1129
1031,1031,a,1130
1032,1032,a,1131
1033,1033,a,1132
1034,1034,a,1133
1035,1035,a,1134
1036,1036,a,1135
1037,1037,a,1136
1038,1038,a,1137
1039,1039,a,1138
1040,1040,a,1139
1041,1041,a,1140
1042,1042,a,1141
1043,1043,a,1142
1044,1044,a,1143
1045,1045,a,1144
1046,1046,a,1145
1047,1047,a,1146
1048,1048,a,1147
1049,1049,a,1148
1050,1050,a,1149
1051,1051,a,1150
1052,1052,a,1151
1053,1053,a,1152
1054,1054,a,1153
1055,1055,a,1154
1056,1056,a,1155
1057,1057,a,1156
1058,1058,a,1157
1059,1059,a,1158
1060,1060,a,1159
1061,1061,a,1160
1062,1062,a,1161
1063,1063,a,1162
1064,1064,a,1163
1065,1065,a,1164
1066,1066,a,1165
1067,1067,a,1166
1068,1068,a,1167
1069,1069,a,1168
1070,1070,a,1169
1071,1071,a,1170
1072,1072,a,1171
1073,1073,a,1172
1074,1074,a,1173
1075,1075,a,1174
1076,1076,a,1175
1077,1077,a,1176
1078,1078,a,1177
1079,1079,a,1178
1080,1080,a,1179
1081,1081,a,1180
1082,1082,a,1181
1083,1083,a,1182
1084,1084,a,1183
1085,1085,a,1184
1086,1086,a,1185
1087,1087,a,1186
1088,1088,a,1187
1089,1089,a,1188
1090,1090,a,1189
1091,1091,a,1190
1092,1092,a,1191
1093,1093,a,1192
1094,1094,a,1193
1095,1095,a,1194
1096,1096,a,1195
1097,1097,a,1196
1098,1098,a,1197
1099,1099,a,1198
1100,1100,a,1199
1101,1101,a,1200
1102,1102,a,1201
1103,1103,a,1202
1104,1104,a,1203
1105,1105,a,1204
1106,1106,a,1205
1107,1107,a,1206
1108,1108,a,1207
1109,1109,a,1208
1110,1110,a,1209
1111,1111,a,1210
1112,1112,a,1211
1113,1113,a,1212
1114,1114,a,1213
1115,1115,a,1214
1116,1116,a,1215
1117,1117,a,1216
1118,1118,a,1217
1119,1119,a,1218
1120,1120,a,1219
1121,1121,a,1220
1122,1122,a,1221
1123,1123,a,1222
1124,1124,a,1223
1125,1125,a,1224
1126,1126,a,1225
1127,1127,a,1226
1128,1128,a,1227
1129,1129,a,1228
1130,1130,a,1229
1131,1131,a,1230
1132,1132,a,1231
1133,1133,a,1232
1134,1134,a,1233
1135,1135,a,1234
1136,1136,a,1235
1137,1137,a,1236
1138,1138,a,1237
1139,1139,a,1238
1140,1140,a,1239
1141,1141,a,1240
1142,1142,a,1241
1143,1143,a,1242
1144,1144,a,1243
1145,1145,a,1244
1146,1146,a,1245
1147,1147,a,1246
1148,1148,a,1247
1149,1149,a,1248
1150,1150,a,1249
1151,1151,a,1250
1152,1152,a,1251
1153,1153,a,1252
1154,1154,a,1253
1155,1155,a,1254
1156,1156,a,1255
1157,1157,a,1256
1158,1158,a,1257
1159,1159,a,1258
1160,1160,a,1259
1161,1161,a,1260
1162,1162,a,1261
1163,1163,a,1262
1164,1164,a,1263
1165,1165,a,1264
1166,1166,a,1265
1167,1167,a,1266
1168,1168,a,1267
1169,1169,a,1268
1170,1170,a,1269
1171,1171,a,1270
1172,1172,a,1271
1173,1173,a,1272
1174,1174,a,1273
1175,1175,a,1274
1176,1176,a,1275
1177,1177,a,1276
1178,1178,a,1277
1179,1179,a,1278
1180,1180,a,1279
1181,1181,a,1280
1182,1182,a,1281
1183,1183,a,1282
1184,1184,a,1283
1185,1185,a,1284
1186,1186,a,1285
1187,1187,a,1286
1188,1188,a,1287
1189,1189,a,1288
1190,1190,a,1289
1191,1191,a,1290
1192,1192,a,1291
1193,1193,a,1292
1194,1194,a,1293
1195,1195,a,1294
1196,1196,a,1295
1197,1197,a,1296
1198,1198,a,1297
1199,1199,a,1298
1200,1200,a,1299
1201,1201,a,1300
1202,1202,a,1301
1203,1203,a,1302
1204,1204,a,1303
1205,1205,a,1304
1206,1206,a,1305
1207,1207,a,1306
1208,1208,a,1307
1209,1209,a,1308
1210,1210,a,1309
1211,1211,a,1310
1212,1212,a,1311
1213,1213,a,1312
1214,1214,a,1313
1215,1215,a,1314
1216,1216,a,1315
1217,1217,a,1316
1218,1218,a,1317
1219,1219,a,1318
1220,1220,a,1319
1221,1221,a,1320
1222,1222,a,1321
1223,1223,a,1322
1224,1224,a,1323
1225,1225,a,1324
1226,1226,a,1325
1227,1227,a,1326
1228,1228,a,1327
1229,1229,a,1328
1230,1230,a,1329
1231,1231,a,1330
1232,1232,a,1331
1233,1233,a,1332
1234,1234,a,1333
1235,1235,a,1334
1236,1236,a,1335
1237,1237,a,1336
1238,1238,a,1337
1239,1239,a,1338
1240,1240,a,1339
1241,1241,a,1340
1242,1242,a,1341
1243,1243,a,1342
1244,1244,a,1343
1245,1245,a,1344
1246,1246,a,1345
1247,1247,a,1346
1248,1248,a,1347
1249,1249,a,1348
1250,1250,a,1349
1251,1251,a,1350
1252,1252,a,1351
1253,1253,a,1352
1254,1254,a,1353
1255,1255,a,1354
1256,1256,a,1355
1257,1257,a,1356
1258,1258,a,1357
1259,1259,a,1358
1260,1260,a,1359
1261,1261,a,1360
1262,1262,a,1361
1263,1263,a,1362
1264,1264,a,1363
1265,1265,a,1364
1266,1266,a,1365
1267,1267,a,1366
1268,1268,a,1367
1269,1269,a,1368
1270,1270,a,1369
1271,1271,a,1370
1272,1272,a,1371
1273,1273,a,1372
1274,1274,a,1373
1275,1275,a,1374
1276,1276,a,1375
1277,1277,a,1376
1278,1278,a,1377
1279,1279,a,1378
1280,1280,a,1379
1281,1281,a,1380
1282,1282,a,1381
1283,1283,a,1382
1284,1284,a,1383
1285,1285,a,1384
1286,1286,a,1385
1287,1287,a,1386
1288,1288,a,1387
1289,1289,a,1388
1290,1290,a,1389
1291,1291,a,1390
1292,1292,a,1391
1293,1293,a,1392
1294,1294,a,1393
1295,1295,a,1394
1296,1296,a,1395
1297,1297,a,1396
1298,1298,a,1397
1299,1299,a,1398
1300,1300,a,1399
1301,1301,a,1400
1302,1302,a,1401
1303,1303,a,1402
1304,1304,a,1403
1305,1305,a,1404
1306,1306,a,1405
1307,1307,a,1406
1308,1308,a,1407
1309,1309,a,1408
1310,1310,a,1409
1311,1311,a,1410
1312,1312,a,1411
1313,1313,a,1412
1314,1314,a,1413
1315,1315,a,1414
1316,1316,a,1415
1317,1317,a,1416
1318,1318,a,1417
1319,1319,a,1418
1320,1320,a,1419
1321,1321,a,1420
1322,1322,a,1421
1323,1323,a,1422
1324,1324,a,1423
1325,1325,a,1424
1326,1326,a,1425
1327,1327,a,1426
1328,1328,a,1427
1329,1329,a,1428
1330,1330,a,1429
1331,1331,a,1430
1332,1332,a,1431
1333,1333,a,1432
1334,1334,a,1433
1335,1335,a,1434
1336,1336,a,1435
1337,1337,a,1436
1338,1338,a,1437
1339,1339,a,1438
1340,1340,a,1439
1341,1341,a,1440
1342,1342,a,1441
1343,1343,a,1442
1344,1344,a,1443
1345,1345,a,1444
1346,1346,a,1445
1347,1347,a,1446
1348,1348,a,1447
1349,1349,a,1448
1350,1350,a,1449
1351,1351,a,1450
1352,1352,a,1451
1353,1353,a,1452
1354,1354,a,1453
1355,1355,a,1454
1356,1356,a,1455
1357,1357,a,1456
1358,1358,a,1457
1359,1359,a,1458
1360,1360,a,1459
1361,1361,a,1460
1362,1362,a,1461
1363,1363,a,1462
1364,1364,a,1463
1365,1365,a,1464
1366,1366,a,1465
1367,1367,a,1466
1368,1368,a,1467
1369,1369,a,1468
1370,1370,a,1469
1371,1371,a,1470
1372,1372,a,1471
1373,1373,a,1472
1374,1374,a,1473
1375,1375,a,1474
1376,1376,a,1475
1377,1377,a,1476
1378,1378,a,1477
1379,1379,a,1478
1380,1380,a,1479
1381,1381,a,1480
1382,1382,a,1481
1383,1383,a,1482
1384,1384,a,1483
1385,1385,a,1484
1386,1386,a,1485
1387,1387,a,1486
1388,1388,a,1487
1389,1389,a,1488
1390,1390,a,1489
1391,1391,a,1490
1392,1392,a,1491
1393,1393,a,1492
1394,1394,a,1493
1395,1395,a,1494
1396,1396,a,1495
1397,1397,a,1496
1398,1398,a,1497
1399,1399,a,1498
1400,1400,a,1499
1401,1401,a,1500
1402,1402,a,1501
1403,1403,a,1502
1404,1404,a,1503
1405,1405,a,1504
1406,1406,a,1505
1407,1407,a,1506
1408,1408,a,1507
1409,1409,a,1508
1410,1410,a,1509
1411,1411,a,1510
1412,1412,a,1511
1413,1413,a,1512
1414,1414,a,1513
1415,1415,a,1514
1416,1416,a,1515
1417,1417,a,1516
1418,1418,a,1517
1419,1419,a,1518
1420,1420,a,1519
1421,1421,a,1520
1422,1422,a,1521
1423,1423,a,1522
1424,1424,a,1523
1425,1425,a,1524
1426,1426,a,1525
1427,1427,a,1526
1428,1428,a,1527
1429,1429,a,1528
1430,1430,a,1529
1431,1431,a,1530
1432,1432,a,1531
1433,1433,a,1532
1434,1434,a,1533
1435,1435,a,1534
1436,1436,a,1535
1437,1437,a,1536
1438,1438,a,1537
1439,1439,a,1538
1440,1440,a,1539
1441,1441,a,1540
1442,1442,a,1541
1443,1443,a,1542
1444,1444,a,1543
1445,1445,a,1544
1446,1446,a,1545
1447,1447,a,1546
1448,1448,a,1547
1449,1449,a,1548
1450,1450,a,1549
1451,1451,a,1550
1452,1452,a,1551
1453,1453,a,1552
1454,1454,a,1553
1455,1455,a,1554
1456,1456,a,1555
1457,1457,a,1556
1458,1458,a,1557
1459,1459,a,1558
1460,1460,a,1559
1461,1461,a,1560
1462,1462,a,1561
1463,1463,a,1562
1464,1464,a,1563
1465,1465,a,1564
1466,1466,a,1565
1467,1467,a,1566
1468,1468,a,1567
1469,1469,a,1568
1470,1470,a,1569
1471,1471,a,1570
1472,1472,a,1571
1473,1473,a,1572
1474,1474,a,1573
1475,1475,a,1574
1476,1476,a,1575
1477,1477,a,1576
1478,1478,a,1577
1479,1479,a,1578
1480,1480,a,1579
1481,1481,a,1580
1482,1482,a,1581
1483,1483,a,1582
1484,1484,a,1583
1485,1485,a,1584
1486,1486,a,1585
1487,1487,a,1586
1488,1488,a,1587
1489,1489,a,1588
1490,1490,a,1589
1491,1491,a,1590
1492,1492,a,1591
1493,1493,a,1592
1494,1494,a,1593
1495,1495,a,1594
1496,1496,a,1595
1497,1497,a,1596
1498,1498,a,1597
1499,1499,a,1598
1500,1500,a,1599
1501,1501,a,1600
1502,1502,a,1601
1503,1503,a,1602
1504,1504,a,1603
1505,1505,a,1604
1506,1506,a,1605
1507,1507,a,1606
1508,1508,a,1607
1509,1509,a,1608
1510,1510,a,1609
1511,1511,a,1610
1512,1512,a,1611
1513,1513,a,1612
1514,1514,a,1613
1515,1515,a,1614
1516,1516,a,1615
1517,1517,a,1616
1518,1518,a,1617
1519,1519,a,1618
1520,1520,a,1619
1521,1521,a,1620
1522,1522,a,1621
1523,1523,a,1622
1524,1524,a,1623
1525,1525,a,1624
1526,1526,a,1625
1527,1527,a,1626
1528,1528,a,1627
1529,1529,a,1628
1530,1530,a,1629
1531,1531,a,1630
1532,1532,a,1631
1533,1533,a,1632
1534,1534,a,1633
1535,1535,a,1634
1536,1536,a,1635
1537,1537,a,1636
1538,1538,a,1637
1539,1539,a,1638
1540,1540,a,1639
1541,1541,a,1640
1542,1542,a,1641
1543,1543,a,1642
1544,1544,a,1643
1545,1545,a,1644
1546,1546,a,1645
1547,1547,a,1646
1548,1548,a,1647
1549,1549,a,1648
1550,1550,a,1649
1551,1551,a,1650
1552,1552,a,1651
1553,1553,a,1652
1554,1554,a,1653
1555,1555,a,1654
1556,1556,a,1655
1557,1557,a,1656
1558,1558,a,1657
1559,1559,a,1658
1560,1560,a,1659
1561,1561,a,1660
1562,1562,a,1661
1563,1563,a,1662
1564,1564,a,1663
1565,1565,a,1664
1566,1566,a,1665
1567,1567,a,1666
1568,1568,a,1667
1569,1569,a,1668
1570,1570,a,1669
1571,1571,a,1670
1572,1572,a,1671
1573,1573,a,1672
1574,1574,a,1673
1575,1575,a,1674
1576,1576,a,1675
1577,1577,a,1676
1578,1578,a,1677
1579,1579,a,1678
1580,1580,a,1679
1581,1581,a,1680
1582,1582,a,1681
1583,1583,a,1682
1584,1584,a,1683
1585,1585,a,1684
1586,1586,a,1685
1587,1587,a,1686
1588,1588,a,1687
1589,1589,a,1688
1590,1590,a,1689
1591,1591,a,1690
1592,1592,a,1691
1593,1593,a,1692
1594,1594,a,1693
1595,1595,a,1694
1596,1596,a,1695
1597,1597,a,1696
1598,1598,a,1697
1599,1599,a,1698
1600,1600,a,1699
1601,1601,a,1700
1602,1602,a,1701
1603,1603,a,1702
1604,1604,a,1703
1605,1605,a,1704
1606,1606,a,1705
1607,1607,a,1706
1608,1608,a,1707
1609,1609,a,1708
1610,1610,a,1709
1611,1611,a,1710
1612,1612,a,1711
1613,1613,a,1712
1614,1614,a,1713
1615,1615,a,1714
1616,1616,a,1715
1617,1617,a,1716
1618,1618,a,1717
1619,1619,a,1718
1620,1620,a,1719
1621,1621,a,1720
1622,1622,a,1721
1623,1623,a,1722
1624,1624,a,1723
1625,1625,a,1724
1626,1626,a,1725
1627,1627,a,1726
1628,1628,a,1727
1629,1629,a,1728
1630,1630,a,1729
1631,1631,a,1730
1632,1632,a,1731
1633,1633,a,1732
1634,1634,a,1733
1635,1635,a,1734
1636,1636,a,1735
1637,1637,a,1736
1638,1638,a,1737
1639,1639,a,1738
1640,1640,a,1739
1641,1641,a,1740
1642,1642,a,1741
1643,1643,a,1742
1644,1644,a,1743
1645,1645,a,1744
1646,1646,a,1745
1647,1647,a,1746
1648,1648,a,1747
1649,1649,a,1748
1650,1650,a,1749
1651,1651,a,1750
1652,1652,a,1751
1653,1653,a,1752
1654,1654,a,1753
1655,1655,a,1754
1656,1656,a,1755
1657,1657,a,1756
1658,1658,a,1757
1659,1659,a,1758
1660,1660,a,1759
1661,1661,a,1760
1662,1662,a,1761
1663,1663,a,1762
1664,1664,a,1763
1665,1665,a,1764
1666,1666,a,1765
1667,1667,a,1766
1668,1668,a,1767
1669,1669,a,1768
1670,1670,a,1769
1671,1671,a,1770
1672,1672,a,1771
1673,1673,a,1772
1674,1674,a,1773
1675,1675,a,1774
1676,1676,a,1775
1677,1677,a,1776
1678,1678,a,1777
1679,1679,a,1778
1680,1680,a,1779
1681,1681,a,1780
1682,1682,a,1781
1683,1683,a,1782
1684,1684,a,1783
1685,1685,a,1784
1686,1686,a,1785
1687,1687,a,1786
1688,1688,a,1787
1689,1689,a,1788
1690,1690,a,1789
1691,1691,a,1790
1692,1692,a,1791
1693,1693,a,1792
1694,1694,a,1793
1695,1695,a,1794
1696,1696,a,1795
1697,1697,a,1796
1698,1698,a,1797
1699,1699,a,1798
1700,1700,a,1799
1701,1701,a,1800
1702,1702,a,1801
1703,1703,a,1802
1704,1704,a,1803
1705,1705,a,1804
1706,1706,a,1805
1707,1707,a,1806
1708,1708,a,1807
1709,1709,a,1808
1710,1710,a,1809
1711,1711,a,1810
1712,1712,a,1811
1713,1713,a,1812
1714,1714,a,1813
1715,1715,a,1814
1716,1716,a,1815
1717,1717,a,1816
1718,1718,a,1817
1719,1719,a,1818
1720,1720,a,1819
1721,1721,a,1820
1722,1722,a,1821
1723,1723,a,1822
1724,1724,a,1823
1725,1725,a,1824
1726,1726,a,1825
1727,1727,a,1826
1728,1728,a,1827
1729,1729,a,1828
1730,1730,a,1829
1731,1731,a,1830
1732,1732,a,1831
1733,1733,a,1832
1734,1734,a,1833
1735,1735,a,1834
1736,1736,a,1835
1737,1737,a,1836
1738,1738,a,1837
1739,1739,a,1838
1740,1740,a,1839
1741,1741,a,1840
1742,1742,a,1841
1743,1743,a,1842
1744,1744,a,1843
1745,1745,a,1844
1746,1746,a,1845
1747,1747,a,1846
1748,1748,a,1847
1749,1749,a,1848
1750,1750,a,1849
1751,1751,a,1850
1752,1752,a,1851
1753,1753,a,1852
1754,1754,a,1853
1755,1755,a,1854
1756,1756,a,1855
1757,1757,a,1856
1758,1758,a,1857
1759,1759,a,1858
1760,1760,a,1859
1761,1761,a,1860
1762,1762,a,1861
1763,1763,a,1862
1764,1764,a,1863
1765,1765,a,1864
1766,1766,a,1865
1767,1767,a,1866
1768,1768,a,1867
1769,1769,a,1868
1770,1770,a,1869
1771,1771,a,1870
1772,1772,a,1871
1773,1773,a,1872
1774,1774,a,1873
1775,1775,a,1874
1776,1776,a,1875
1777,1777,a,1876
1778,1778,a,1877
1779,1779,a,1878
1780,1780,a,1879
1781,1781,a,1880
1782,1782,a,1881
1783,1783,a,1882
1784,1784,a,1883
1785,1785,a,1884
1786,1786,a,1885
1787,1787,a,1886
1788,1788,a,1887
1789,1789,a,1888
1790,1790,a,1889
1791,1791,a,1890
1792,1792,a,1891
1793,1793,a,1892
1794,1794,a,1893
1795,1795,a,1894
1796,1796,a,1895
1797,1797,a,1896
1798,1798,a,1897
1799,1799,a,1898
1800,1800,a,1899
1801,1801,a,1900
1802,1802,a,1901
1803,1803,a,1902
1804,1804,a,1903
1805,1805,a,1904
1806,1806,a,1905
1807,1807,a,1906
1808,1808,a,1907
1809,1809,a,1908
1810,1810,a,1909
1811,1811,a,1910
1812,1812,a,1911
1813,1813,a,1912
1814,1814,a,1913
1815,1815,a,1914
1816,1816,a,1915
1817,1817,a,1916
1818,1818,a,1917
1819,1819,a,1918
1820,1820,a,1919
1821,1821,a,1920
1822,1822,a,1921
1823,1823,a,1922
1824,1824,a,1923
1825,1825,a,1924
1826,1826,a,1925
1827,1827,a,1926
1828,1828,a,1927
1829,1829,a,1928
1830,1830,a,1929
1831,1831,a,1930
1832,1832,a,1931
1833,1833,a,1932
1834,1834,a,1933
1835,1835,a,1934
1836,1836,a,1935
1837,1837,a,1936
1838,1838,a,1937
1839,1839,a,1938
1840,1840,a,1939
1841,1841,a,1940
1842,1842,a,1941
1843,1843,a,1942
1844,1844,a,1943
1845,1845,a,1944
1846,1846,a,1945
1847,1847,a,1946
1848,1848,a,1947
1849,1849,a,1948
1850,1850,a,1949
1851,1851,a,1950
1852,1852,a,1951
1853,1853,a,1952
1854,1854,a,1953
1855,1855,a,1954
1856,1856,a,1955
1857,1857,a,1956
1858,1858,a,1957
1859,1859,a,1958
1860,1860,a,1959
1861,1861,a,1960
1862,1862,a,1961
1863,1863,a,1962
1864,1864,a,1963
1865,1865,a,1964
1866,1866,a,1965
1867,1867,a,1966
1868,1868,a,1967
1869,1869,a,1968
1870,1870,a,1969
1871,1871,a,1970
1872,1872,a,1971
1873,1873,a,1972
1874,1874,a,1973
1875,1875,a,1974
1876,1876,a,1975
1877,1877,a,1976
1878,1878,a,1977
1879,1879,a,1978
1880,1880,a,1979
1881,1881,a,1980
1882,1882,a,1981
1883,1883,a,1982
1884,1884,a,1983
1885,1885,a,1984
1886,1886,a,1985
1887,1887,a,1986
1888,1888,a,1987
1889,1889,a,1988
1890,1890,a,1989
1891,1891,a,1990
1892,1892,a,1991
1893,1893,a,1992
1894,1894,a,1993
1895,1895,a,1994
1896,1896,a,1995
1897,1897,a,1996
1898,1898,a,1997
1899,1899,a,1998
1900,1900,a,1999
1901,1901,a,2000
1902,1902,a,2001
1903,1903,a,2002
1904,1904,a,2003
1905,1905,a,2004
1906,1906,a,2005
1907,1907,a,2006
1908,1908,a,2007
1909,1909,a,2008
1910,1910,a,2009
1911,1911,a,2010
1912,1912,a,2011
1913,1913,a,2012
1914,1914,a,2013
1915,1915,a,2014
1916,1916,a,2015
1917,1917,a,2016
1918,1918,a,2017
1919,1919,a,2018
1920,1920,a,2019
1921,1921,a,2020
1922,1922,a,2021
1923,1923,a,2022
1924,1924,a,2023
1925,1925,a,2024
1926,1926,a,2025
1927,1927,a,2026
1928,1928,a,2027
1929,1929,a,2028
1930,1930,a,2029
1931,1931,a,2030
1932,1932,a,2031
1933,1933,a,2032
1934,1934,a,2033
1935,1935,a,2034
1936,1936,a,2035
1937,1937,a,2036
1938,1938,a,2037
1939,1939,a,2038
1940,1940,a,2039
1941,1941,a,2040
1942,1942,a,2041
1943,1943,a,2042
1944,1944,a,2043
1945,1945,a,2044
1946,1946,a,2045
1947,1947,a,2046
1948,1948,a,2047
1949,1949,a,2048
1950,1950,a,2049
1951,1951,a,2050
1952,1952,a,2051
1953,1953,a,2052
1954,1954,a,2053
1955,1955,a,2054
1956,1956,a,2055
1957,1957,a,2056
1958,1958,a,2057
1959,1959,a,2058
1960,1960,a,2059
1961,1961,a,2060
1962,1962,a,2061
1963,1963,a,2062
1964,1964,a,2063
1965,1965,a,2064
1966,1966,a,2065
1967,1967,a,2066
1968,1968,a,2067
1969,1969,a,2068
1970,1970,a,2069
1971,1971,a,2070
1972,1972,a,2071
1973,1973,a,2072
1974,1974,a,2073
1975,1975,a,2074
1976,1976,a,2075
1977,1977,a,2076
1978,1978,a,2077
1979,1979,a,2078
1980,1980,a,2079
1981,1981,a,2080
1982,1982,a,2081
1983,1983,a,2082
1984,1984,a,2083
1985,1985,a,2084
1986,1986,a,2085
1987,1987,a,2086
1988,1988,a,2087
1989,1989,a,2088
1990,1990,a,2089
1991,1991,a,2090
1992,1992,a,2091
1993,1993,a,2092
1994,1994,a,2093
1995,1995,a,2094
1996,1996,a,2095
1997,1997,a,2096
1998,1998,a,2097
1999,1999,a,2098
2000,2000,a,2099
2001,2001,a,2100
2002,2002,a,2101
2003,2003,a,2102
2004,2004,a,2103
2005,2005,a,2104
2006,2006,a,2105
2007,2007,a,2106
2008,2008,a,2107
2009,2009,a,2108
2010,2010,a,2109
2011,2011,a,2110
2012,2012,a,2111
2013,2013,a,2112
2014,2014,a,2113
2015,2015,a,2114
2016,2016,a,2115
2017,2017,a,2116
2018,2018,a,2117
2019,2019,a,2118
2020,2020,a,2119
2021,2021,a,2120
2022,2022,a,2121
2023,2023,a,2122
2024,2024,a,2123
2025,2025,a,2124
2026,2026,a,2125
2027,2027,a,2126
2028,2028,a,2127
2029,2029,a,2128
2030,2030,a,2129
2031,2031,a,2130
2032,2032,a,2131
2033,2033,a,2132
2034,2034,a,2133
2035,2035,a,2134
2036,2036,a,2135
2037,2037,a,2136
2038,2038,a,2137
2039,2039,a,2138
2040,2040,a,2139
2041,2041,a,2140
2042,2042,a,2141
2043,2043,a,2142
2044,2044,a,2143
2045,2045,a,2144
2046,2046,a,2145
2047,2047,a,2146
2048,2048,a,2147
2049,2049,a,2148
2050,2050,a,2149
2051,2051,a,2150
2052,2052,a,2151
2053,2053,a,2152
2054,2054,a,2153
2055,2055,a,2154
2056,2056,a,2155
2057,2057,a,2156
2058,2058,a,2157
2059,2059,a,2158
2060,2060,a,2159
2061,2061,a,2160
2062,2062,a,2161
2063,2063,a,2162
2064,2064,a,2163
2065,2065,a,2164
2066,2066,a,2165
2067,2067,a,2166
2068,2068,a,2167
2069,2069,a,2168
2070,2070,a,2169
2071,2071,a,2170
2072,2072,a,2171
2073,2073,a,2172
2074,2074,a,2173
2075,2075,a,2174
2076,2076,a,2175
2077,2077,a,2176
2078,2078,a,2177
2079,2079,a,2178
2080,2080,a,2179
2081,2081,a,2180
2082,2082,a,2181
2083,2083,a,2182
2084,2084,a,2183
2085,2085,a,2184
2086,2086,a,2185
2087,2087,a,2186
2088,2088,a,2187
2089,2089,a,2188
2090,2090,a,2189
2091,2091,a,2190
2092,2092,a,2191
2093,2093,a,2192
2094,2094,a,2193
2095,2095,a,2194
2096,2096,a,2195
2097,2097,a,2196
2098,2098,a,2197
2099,2099,a,2198
2100,2100,a,2199
2101,2101,a,2200
2102,2102,a,2201
2103,2103,a,2202
2104,2104,a,2203
2105,2105,a,2204
2106,2106,a,2205
2107,2107,a,2206
2108,2108,a,2207
2109,2109,a,2208
2110,2110,a,2209
2111,2111,a,2210
2112,2112,a,2211
2113,2113,a,2212
2114,2114,a,2213
2115,2115,a,2214
2116,2116,a,2215
2117,2117,a,2216
2118,2118,a,2217
2119,2119,a,2218
2120,2120,a,2219
2121,2121,a,2220
2122,2122,a,2221
2123,2123,a,2222
2124,2124,a,2223
2125,2125,a,2224
2126,2126,a,2225
2127,2127,a,2226
2128,2128,a,2227
2129,2129,a,2228
2130,2130,a,2229
2131,2131,a,2230
2132,2132,a,2231
2133,2133,a,2232
2134,2134,a,2233
2135,2135,a,2234
2136,2136,a,2235
2137,2137,a,2236
2138,2138,a,2237
2139,2139,a,2238
2140,2140,a,2239
2141,2141,a,2240
2142,2142,a,2241
2143,2143,a,2242
2144,2144,a,2243
2145,2145,a,2244
2146,2146,a,2245
2147,2147,a,2246
2148,2148,a,2247
2149,2149,a,2248
2150,2150,a,2249
2151,2151,a,2250
2152,2152,a,2251
2153,2153,a,2252
2154,2154,a,2253
2155,2155,a,2254
2156,2156,a,2255
2157,2157,a,2256
2158,2158,a,2257
2159,2159,a,2258
2160,2160,a,2259
2161,2161,a,2260
2162,2162,a,2261
2163,2163,a,2262
2164,2164,a,2263
2165,2165,a,2264
2166,2166,a,2265
2167,2167,a,2266
2168,2168,a,2267
2169,2169,a,2268
2170,2170,a,2269
2171,2171,a,2270
2172,2172,a,2271
2173,2173,a,2272
2174,2174,a,2273
2175,2175,a,2274
2176,2176,a,2275
2177,2177,a,2276
2178,2178,a,2277
2179,2179,a,2278
2180,2180,a,2279
2181,2181,a,2280
2182,2182,a,2281
2183,2183,a,2282
2184,2184,a,2283
2185,2185,a,2284
2186,2186,a,2285
2187,2187,a,2286
2188,2188,a,2287
2189,2189,a,2288
2190,2190,a,2289
2191,2191,a,2290
2192,2192,a,2291
2193,2193,a,2292
2194,2194,a,2293
2195,2195,a,2294
2196,2196,a,2295
2197,2197,a,2296
2198,2198,a,2297
2199,2199,a,2298
2200,2200,a,2299
2201,2201,a,2300
2202,2202,a,2301
2203,2203,a,2302
2204,2204,a,2303
2205,2205,a,2304
2206,2206,a,2305
2207,2207,a,2306
2208,2208,a,2307
2209,2209,a,2308
2210,2210,a,2309
2211,2211,a,2310
2212,2212,a,2311
2213,2213,a,2312
2214,2214,a,2313
2215,2215,a,2314
2216,2216,a,2315
2217,2217,a,2316
2218,2218,a,2317
2219,2219,a,2318
2220,2220,a,2319
2221,2221,a,2320
2222,2222,a,2321
2223,2223,a,2322
2224,2224,a,2323
2225,2225,a,2324
2226,2226,a,2325
2227,2227,a,2326
2228,2228,a,2327
2229,2229,a,2328
2230,2230,a,2329
2231,2231,a,2330
2232,2232,a,2331
2233,2233,a,2332
2234,2234,a,2333
2235,2235,a,2334
2236,2236,a,2335
2237,2237,a,2336
2238,2238,a,2337
2239,2239,a,2338
2240,2240,a,2339
2241,2241,a,2340
2242,2242,a,2341
2243,2243,a,2342
2244,2244,a,2343
2245,2245,a,2344
2246,2246,a,2345
2247,2247,a,2346
2248,2248,a,2347
2249,2249,a,2348
2250,2250,a,2349
2251,2251,a,2350
2252,2252,a,2351
2253,2253,a,2352
2254,2254,a,2353
2255,2255,a,2354
2256,2256,a,2355
2257,2257,a,2356
2258,2258,a,2357
2259,2259,a,2358
2260,2260,a,2359
2261,2261,a,2360
2262,2262,a,2361
2263,2263,a,2362
2264,2264,a,2363
2265,2265,a,2364
2266,2266,a,2365
2267,2267,a,2366
2268,2268,a,2367
2269,2269,a,2368
2270,2270,a,2369
2271,2271,a,2370
2272,2272,a,2371
2273,2273,a,2372
2274,2274,a,2373
2275,2275,a,2374
2276,2276,a,2375
2277,2277,a,2376
2278,2278,a,2377
2279,2279,a,2378
2280,2280,a,2379
2281,2281,a,2380
2282,2282,a,2381
2283,2283,a,2382
2284,2284,a,2383
2285,2285,a,2384
2286,2286,a,2385
2287,2287,a,2386
2288,2288,a,2387
2289,2289,a,2388
2290,2290,a,2389
2291,2291,a,2390
2292,2292,a,2391
2293,2293,a,2392
2294,2294,a,2393
2295,2295,a,2394
2296,2296,a,2395
2297,2297,a,2396
2298,2298,a,2397
2299,2299,a,2398
2300,2300,a,2399
2301,2301,a,2400
2302,2302,a,2401
2303,2303,a,2402
2304,2304,a,2403
2305,2305,a,2404
2306,2306,a,2405
2307,2307,a,2406
2308,2308,a,2407
2309,2309,a,2408
2310,2310,a,2409
2311,2311,a,2410
2312,2312,a,2411
2313,2313,a,2412
2314,2314,a,2413
2315,2315,a,2414
2316,2316,a,2415
2317,2317,a,2416
2318,2318,a,2417
2319,2319,a,2418
2320,2320,a,2419
2321,2321,a,2420
2322,2322,a,2421
2323,2323,a,2422
2324,2324,a,2423
2325,2325,a,2424
2326,2326,a,2425
2327,2327,a,2426
2328,2328,a,2427
2329,2329,a,2428
2330,2330,a,2429
2331,2331,a,2430
2332,2332,a,2431
2333,2333,a,2432
2334,2334,a,2433
2335,2335,a,2434
2336,2336,a,2435
2337,2337,a,2436
2338,2338,a,2437
2339,2339,a,2438
2340,2340,a,2439
2341,2341,a,2440
2342,2342,a,2441
2343,2343,a,2442
2344,2344,a,2443
2345,2345,a,2444
2346,2346,a,2445
2347,2347,a,2446
2348,2348,a,2447
2349,2349,a,2448
2350,2350,a,2449
2351,2351,a,2450
2352,2352,a,2451
2353,2353,a,2452
2354,2354,a,2453
2355,2355,a,2454
2356,2356,a,2455
2357,2357,a,2456
2358,2358,a,2457
2359,2359,a,2458
2360,2360,a,2459
2361,2361,a,2460
2362,2362,a,2461
2363,2363,a,2462
2364,2364,a,2463
2365,2365,a,2464
2366,2366,a,2465
2367,2367,a,2466
2368,2368,a,2467
2369,2369,a,2468
2370,2370,a,2469
2371,2371,a,2470
2372,2372,a,2471
2373,2373,a,2472
2374,2374,a,2473
2375,2375,a,2474
2376,2376,a,2475
2377,2377,a,2476
2378,2378,a,2477
2379,2379,a,2478
2380,2380,a,2479
2381,2381,a,2480
2382,2382,a,2481
2383,2383,a,2482
2384,2384,a,2483
2385,2385,a,2484
2386,2386,a,2485
2387,2387,a,2486
2388,2388,a,2487
2389,2389,a,2488
2390,2390,a,2489
2391,2391,a,2490
2392,2392,a,2491
2393,2393,a,2492
2394,2394,a,2493
2395,2395,a,2494
2396,2396,a,2495
2397,2397,a,2496
2398,2398,a,2497
2399,2399,a,2498
2400,2400,a,2499
2401,2401,a,2500
2402,2402,a,2501
2403,2403,a,2502
2404,2404,a,2503
2405,2405,a,2504
2406,2406,a,2505
2407,2407,a,2506
2408,2408,a,2507
2409,2409,a,2508
2410,2410,a,2509
2411,2411,a,2510
2412,2412,a,2511
2413,2413,a,2512
2414,2414,a,2513
2415,2415,a,2514
2416,2416,a,2515
2417,2417,a,2516
2418,2418,a,2517
2419,2419,a,2518
2420,2420,a,2519
2421,2421,a,2520
2422,2422,a,2521
2423,2423,a,2522
2424,2424,a,2523
2425,2425,a,2524
2426,2426,a,2525
2427,2427,a,2526
2428,2428,a,2527
2429,2429,a,2528
2430,2430,a,2529
2431,2431,a,2530
2432,2432,a,2531
2433,2433,a,2532
2434,2434,a,2533
2435,2435,a,2534
2436,2436,a,2535
2437,2437,a,2536
2438,2438,a,2537
2439,2439,a,2538
2440,2440,a,2539
2441,2441,a,2540
2442,2442,a,2541
2443,2443,a,2542
2444,2444,a,2543
2445,2445,a,2544
2446,2446,a,2545
2447,2447,a,2546
2448,2448,a,2547
2449,2449,a,2548
2450,2450,a,2549
2451,2451,a,2550
2452,2452,a,2551
2453,2453,a,2552
2454,2454,a,2553
2455,2455,a,2554
2456,2456,a,2555
2457,2457,a,2556
2458,2458,a,2557
2459,2459,a,2558
2460,2460,a,2559
2461,2461,a,2560
2462,2462,a,2561
2463,2463,a,2562
2464,2464,a,2563
2465,2465,a,2564
2466,2466,a,2565
2467,2467,a,2566
2468,2468,a,2567
2469,2469,a,2568
2470,2470,a,2569
2471,2471,a,2570
2472,2472,a,2571
2473,2473,a,2572
2474,2474,a,2573
2475,2475,a,2574
2476,2476,a,2575
2477,2477,a,2576
2478,2478,a,2577
2479,2479,a,2578
2480,2480,a,2579
2481,2481,a,2580
2482,2482,a,2581
2483,2483,a,2582
2484,2484,a,2583
2485,2485,a,2584
2486,2486,a,2585
2487,2487,a,2586
2488,2488,a,2587
2489,2489,a,2588
2490,2490,a,2589
2491,2491,a,2590
2492,2492,a,2591
2493,2493,a,2592
2494,2494,a,2593
2495,2495,a,2594
2496,2496,a,2595
2497,2497,a,2596
2498,2498,a,2597
2499,2499,a,2598
2500,2500,a,2599
2501,2501,a,2600
2502,2502,a,2601
2503,2503,a,2602
2504,2504,a,2603
2505,2505,a,2604
2506,2506,a,2605
2507,2507,a,2606
2508,2508,a,2607
2509,2509,a,2608
2510,2510,a,2609
2511,2511,a,2610
2512,2512,a,2611
2513,2513,a,2612
2514,2514,a,2613
2515,2515,a,2614
2516,2516,a,2615
2517,2517,a,2616
2518,2518,a,2617
2519,2519,a,2618
2520,2520,a,2619
2521,2521,a,2620
2522,2522,a,2621
2523,2523,a,2622
2524,2524,a,2623
2525,2525,a,2624
2526,2526,a,2625
2527,2527,a,2626
2528,2528,a,2627
2529,2529,a,2628
2530,2530,a,2629
2531,2531,a,2630
2532,2532,a,2631
2533,2533,a,2632
2534,2534,a,2633
2535,2535,a,2634
2536,2536,a,2635
2537,2537,a,2636
2538,2538,a,2637
2539,2539,a,2638
2540,2540,a,2639
2541,2541,a,2640
2542,2542,a,2641
2543,2543,a,2642
2544,2544,a,2643
2545,2545,a,2644
2546,2546,a,2645
2547,2547,a,2646
2548,2548,a,2647
2549,2549,a,2648
2550,2550,a,2649
2551,2551,a,2650
2552,2552,a,2651
2553,2553,a,2652
2554,2554,a,2653
2555,2555,a,2654
2556,2556,a,2655
2557,2557,a,2656
2558,2558,a,2657
2559,2559,a,2658
2560,2560,a,2659
2561,2561,a,2660
2562,2562,a,2661
2563,2563,a,2662
2564,2564,a,2663
2565,2565,a,2664
2566,2566,a,2665
2567,2567,a,2666
2568,2568,a,2667
2569,2569,a,2668
2570,2570,a,2669
2571,2571,a,2670
2572,2572,a,2671
2573,2573,a,2672
2574,2574,a,2673
2575,2575,a,2674
2576,2576,a,2675
2577,2577,a,2676
2578,2578,a,2677
2579,2579,a,2678
2580,2580,a,2679
2581,2581,a,2680
2582,2582,a,2681
2583,2583,a,2682
2584,2584,a,2683
2585,2585,a,2684
2586,2586,a,2685
2587,2587,a,2686
2588,2588,a,2687
2589,2589,a,2688
2590,2590,a,2689
2591,2591,a,2690
2592,2592,a,2691
2593,2593,a,2692
2594,2594,a,2693
2595,2595,a,2694
2596,2596,a,2695
2597,2597,a,2696
2598,2598,a,2697
2599,2599,a,2698
2600,2600,a,2699
2601,2601,a,2700
2602,2602,a,2701
2603,2603,a,2702
2604,2604,a,2703
2605,2605,a,2704
2606,2606,a,2705
2607,2607,a,2706
2608,2608,a,2707
2609,2609,a,2708
2610,2610,a,2709
2611,2611,a,2710
2612,2612,a,2711
2613,2613,a,2712
2614,2614,a,2713
2615,2615,a,2714
2616,2616,a,2715
2617,2617,a,2716
2618,2618,a,2717
2619,2619,a,2718
2620,2620,a,2719
2621,2621,a,2720
2622,2622,a,2721
2623,2623,a,2722
2624,2624,a,2723
2625,2625,a,2724
2626,2626,a,2725
2627,2627,a,2726
2628,2628,a,2727
2629,2629,a,2728
2630,2630,a,2729
2631,2631,a,2730
2632,2632,a,2731
2633,2633,a,2732
2634,2634,a,2733
2635,2635,a,2734
2636,2636,a,2735
2637,2637,a,2736
2638,2638,a,2737
2639,2639,a,2738
2640,2640,a,2739
2641,2641,a,2740
2642,2642,a,2741
2643,2643,a,2742
2644,2644,a,2743
2645,2645,a,2744
2646,2646,a,2745
2647,2647,a,2746
2648,2648,a,2747
2649,2649,a,2748
2650,2650,a,2749
2651,2651,a,2750
2652,2652,a,2751
2653,2653,a,2752
2654,2654,a,2753
2655,2655,a,2754
2656,2656,a,2755
2657,2657,a,2756
2658,2658,a,2757
2659,2659,a,2758
2660,2660,a,2759
2661,2661,a,2760
2662,2662,a,2761
2663,2663,a,2762
2664,2664,a,2763
2665,2665,a,2764
2666,2666,a,2765
2667,2667,a,2766
2668,2668,a,2767
2669,2669,a,2768
2670,2670,a,2769
2671,2671,a,2770
2672,2672,a,2771
2673,2673,a,2772
2674,2674,a,2773
2675,2675,a,2774
2676,2676,a,2775
2677,2677,a,2776
2678,2678,a,2777
2679,2679,a,2778
2680,2680,a,2779
2681,2681,a,2780
2682,2682,a,2781
2683,2683,a,2782
2684,2684,a,2783
2685,2685,a,2784
2686,2686,a,2785
2687,2687,a,2786
2688,2688,a,2787
2689,2689,a,2788
2690,2690,a,2789
2691,2691,a,2790
2692,2692,a,2791
2693,2693,a,2792
2694,2694,a,2793
2695,2695,a,2794
2696,2696,a,2795
2697,2697,a,2796
2698,2698,a,2797
2699,2699,a,2798
2700,2700,a,2799
2701,2701,a,2800
2702,2702,a,2801
2703,2703,a,2802
2704,2704,a,2803
2705,2705,a,2804
2706,2706,a,2805
2707,2707,a,2806
2708,2708,a,2807
2709,2709,a,2808
2710,2710,a,2809
2711,2711,a,2810
2712,2712,a,2811
2713,2713,a,2812
2714,2714,a,2813
2715,2715,a,2814
2716,2716,a,2815
2717,2717,a,2816
2718,2718,a,2817
2719,2719,a,2818
2720,2720,a,2819
2721,2721,a,2820
2722,2722,a,2821
2723,2723,a,2822
2724,2724,a,2823
2725,2725,a,2824
2726,2726,a,2825
2727,2727,a,2826
2728,2728,a,2827
2729,2729,a,2828
2730,2730,a,2829
2731,2731,a,2830
2732,2732,a,2831
2733,2733,a,2832
2734,2734,a,2833
2735,2735,a,2834
2736,2736,a,2835
2737,2737,a,2836
2738,2738,a,2837
2739,2739,a,2838
2740,2740,a,2839
2741,2741,a,2840
2742,2742,a,2841
2743,2743,a,2842
2744,2744,a,2843
2745,2745,a,2844
2746,2746,a,2845
2747,2747,a,2846
2748,2748,a,2847
2749,2749,a,2848
2750,2750,a,2849
2751,2751,a,2850
2752,2752,a,2851
2753,2753,a,2852
2754,2754,a,2853
2755,2755,a,2854
2756,2756,a,2855
2757,2757,a,2856
2758,2758,a,2857
2759,2759,a,2858
2760,2760,a,2859
2761,2761,a,2860
2762,2762,a,2861
2763,2763,a,2862
2764,2764,a,2863
2765,2765,a,2864
2766,2766,a,2865
2767,2767,a,2866
2768,2768,a,2867
2769,2769,a,2868
2770,2770,a,2869
2771,2771,a,2870
2772,2772,a,2871
2773,2773,a,2872
2774,2774,a,2873
2775,2775,a,2874
2776,2776,a,2875
2777,2777,a,2876
2778,2778,a,2877
2779,2779,a,2878
2780,2780,a,2879
2781,2781,a,2880
2782,2782,a,2881
2783,2783,a,2882
2784,2784,a,2883
2785,2785,a,2884
2786,2786,a,2885
2787,2787,a,2886
2788,2788,a,2887
2789,2789,a,2888
2790,2790,a,2889
2791,2791,a,2890
2792,2792,a,2891
2793,2793,a,2892
2794,2794,a,2893
2795,2795,a,2894
2796,2796,a,2895
2797,2797,a,2896
2798,2798,a,2897
2799,2799,a,2898
2800,2800,a,2899
2801,2801,a,2900
2802,2802,a,2901
2803,2803,a,2902
2804,2804,a,2903
2805,2805,a,2904
2806,2806,a,2905
2807,2807,a,2906
2808,2808,a,2907
2809,2809,a,2908
2810,2810,a,2909
2811,2811,a,2910
2812,2812,a,2911
2813,2813,a,2912
2814,2814,a,2913
2815,2815,a,2914
2816,2816,a,2915
2817,2817,a,2916
2818,2818,a,2917
2819,2819,a,2918
2820,2820,a,2919
2821,2821,a,2920
2822,2822,a,2921
2823,2823,a,2922
2824,2824,a,2923
2825,2825,a,2924
2826,2826,a,2925
2827,2827,a,2926
2828,2828,a,2927
2829,2829,a,2928
2830,2830,a,2929
2831,2831,a,2930
2832,2832,a,2931
2833,2833,a,2932
2834,2834,a,2933
2835,2835,a,2934
2836,2836,a,2935
2837,2837,a,2936
2838,2838,a,2937
2839,2839,a,2938
2840,2840,a,2939
2841,2841,a,2940
2842,2842,a,2941
2843,2843,a,2942
2844,2844,a,2943
2845,2845,a,2944
2846,2846,a,2945
2847,2847,a,2946
2848,2848,a,2947
2849,2849,a,2948
2850,2850,a,2949
2851,2851,a,2950
2852,2852,a,2951
2853,2853,a,2952
2854,2854,a,2953
2855,2855,a,2954
2856,2856,a,2955
2857,2857,a,2956
2858,2858,a,2957
2859,2859,a,2958
2860,2860,a,2959
2861,2861,a,2960
2862,2862,a,2961
2863,2863,a,2962
2864,2864,a,2963
2865,2865,a,2964
2866,2866,a,2965
2867,2867,a,2966
2868,2868,a,2967
2869,2869,a,2968
2870,2870,a,2969
2871,2871,a,2970
2872,2872,a,2971
2873,2873,a,2972
2874,2874,a,2973
2875,2875,a,2974
2876,2876,a,2975
2877,2877,a,2976
2878,2878,a,2977
2879,2879,a,2978
2880,2880,a,2979
2881,2881,a,2980
2882,2882,a,2981
2883,2883,a,2982
2884,2884,a,2983
2885,2885,a,2984
2886,2886,a,2985
2887,2887,a,2986
2888,2888,a,2987
2889,2889,a,2988
2890,2890,a,2989
2891,2891,a,2990
2892,2892,a,2991
2893,2893,a,2992
2894,2894,a,2993
2895,2895,a,2994
2896,2896,a,2995
2897,2897,a,2996
2898,2898,a,2997
2899,2899,a,2998
2900,2900,a,2999
2901,2901,a,3000
2902,2902,a,3001
2903,2903,a,3002
2904,2904,a,3003
2905,2905,a,3004
2906,2906,a,3005
2907,2907,a,3006
2908,2908,a,3007
2909,2909,a,3008
2910,2910,a,3009
2911,2911,a,3010
2912,2912,a,3011
2913,2913,a,3012
2914,2914,a,3013
2915,2915,a,3014
2916,2916,a,3015
2917,2917,a,3016
2918,2918,a,3017
2919,2919,a,3018
2920,2920,a,3019
2921,2921,a,3020
2922,2922,a,3021
2923,2923,a,3022
2924,2924,a,3023
2925,2925,a,3024
2926,2926,a,3025
2927,2927,a,3026
2928,2928,a,3027
2929,2929,a,3028
2930,2930,a,3029
2931,2931,a,3030
2932,2932,a,3031
2933,2933,a,3032
2934,2934,a,3033
2935,2935,a,3034
2936,2936,a,3035
2937,2937,a,3036
2938,2938,a,3037
2939,2939,a,3038
2940,2940,a,3039
2941,2941,a,3040
2942,2942,a,3041
2943,2943,a,3042
2944,2944,a,3043
2945,2945,a,3044
2946,2946,a,3045
2947,2947,a,3046
2948,2948,a,3047
2949,2949,a,3048
2950,2950,a,3049
2951,2951,a,3050
2952,2952,a,3051
2953,2953,a,3052
2954,2954,a,3053
2955,2955,a,3054
2956,2956,a,3055
2957,2957,a,3056
2958,2958,a,3057
2959,2959,a,3058
2960,2960,a,3059
2961,2961,a,3060
2962,2962,a,3061
2963,2963,a,3062
2964,2964,a,3063
2965,2965,a,3064
2966,2966,a,3065
2967,2967,a,3066
2968,2968,a,3067
2969,2969,a,3068
2970,2970,a,3069
2971,2971,a,3070
2972,2972,a,3071
2973,2973,a,3072
2974,2974,a,3073
2975,2975,a,3074
2976,2976,a,3075
2977,2977,a,3076
2978,2978,a,3077
2979,2979,a,3078
2980,2980,a,3079
2981,2981,a,3080
2982,2982,a,3081
2983,2983,a,3082
2984,2984,a,3083
2985,2985,a,3084
2986,2986,a,3085
2987,2987,a,3086
2988,2988,a,3087
2989,2989,a,3088
2990,2990,a,3089
2991,2991,a,3090
2992,2992,a,3091
2993,2993,a,3092
2994,2994,a,3093
2995,2995,a,3094
2996,2996,a,3095
2997,2997,a,3096
2998,2998,a,3097
2999,2999,a,3098
3000,3000,a,3099
3001,3001,a,3100
3002,3002,a,3101
3003,3003,a,3102
3004,3004,a,3103
3005,3005,a,3104
3006,3006,a,3105
3007,3007,a,3106
3008,3008,a,3107
3009,3009,a,3108
3010,3010,a,3109
3011,3011,a,3110
3012,3012,a,3111
3013,3013,a,3112
3014,3014,a,3113
3015,3015,a,3114
3016,3016,a,3115
3017,3017,a,3116
3018,3018,a,3117
3019,3019,a,3118
3020,3020,a,3119
3021,3021,a,3120
3022,3022,a,3121
3023,3023,a,3122
3024,3024,a,3123
3025,3025,a,3124
3026,3026,a,3125
3027,3027,a,3126
3028,3028,a,3127
3029,3029,a,3128
3030,3030,a,3129
3031,3031,a,3130
3032,3032,a,3131
3033,3033,a,3132
3034,3034,a,3133
3035,3035,a,3134
3036,3036,a,3135
3037,3037,a,3136
3038,3038,a,3137
3039,3039,a,3138
3040,3040,a,3139
3041,3041,a,3140
3042,3042,a,3141
3043,3043,a,3142
3044,3044,a,3143
3045,3045,a,3144
3046,3046,a,3145
3047,3047,a,3146
3048,3048,a,3147
3049,3049,a,3148
3050,3050,a,3149
3051,3051,a,3150
3052,3052,a,3151
3053,3053,a,3152
3054,3054,a,3153
3055,3055,a,3154
3056,3056,a,3155
3057,3057,a,3156
3058,3058,a,3157
3059,3059,a,3158
3060,3060,a,3159
3061,3061,a,3160
3062,3062,a,3161
3063,3063,a,3162
3064,3064,a,3163
3065,3065,a,3164
3066,3066,a,3165
3067,3067,a,3166
3068,3068,a,3167
3069,3069,a,3168
3070,3070,a,3169
3071,3071,a,3170
3072,3072,a,3171
3073,3073,a,3172
3074,3074,a,3173
3075,3075,a,3174
3076,3076,a,3175
3077,3077,a,3176
3078,3078,a,3177
3079,3079,a,3178
3080,3080,a,3179
3081,3081,a,3180
3082,3082,a,3181
3083,3083,a,3182
3084,3084,a,3183
3085,3085,a,3184
3086,3086,a,3185
3087,3087,a,3186
3088,3088,a,3187
3089,3089,a,3188
3090,3090,a,3189
3091,3091,a,3190
3092,3092,a,3191
3093,3093,a,3192
3094,3094,a,3193
3095,3095,a,3194
3096,3096,a,3195
3097,3097,a,3196
3098,3098,a,3197
3099,3099,a,3198
3100,3100,a,3199
3101,3101,a,3200
3102,3102,a,3201
3103,3103,a,3202
3104,3104,a,3203
3105,3105,a,3204
3106,3106,a,3205
3107,3107,a,3206
3108,3108,a,3207
3109,3109,a,3208
3110,3110,a,3209
3111,3111,a,3210
3112,3112,a,3211
3113,3113,a,3212
3114,3114,a,3213
3115,3115,a,3214
3116,3116,a,3215
3117,3117,a,3216
3118,3118,a,3217
3119,3119,a,3218
3120,3120,a,3219
3121,3121,a,3220
3122,3122,a,3221
3123,3123,a,3222
3124,3124,a,3223
3125,3125,a,3224
3126,3126,a,3225
3127,3127,a,3226
3128,3128,a,3227
3129,3129,a,3228
3130,3130,a,3229
3131,3131,a,3230
3132,3132,a,3231
3133,3133,a,3232
3134,3134,a,3233
3135,3135,a,3234
3136,3136,a,3235
3137,3137,a,3236
3138,3138,a,3237
3139,3139,a,3238
3140,3140,a,3239
3141,3141,a,3240
3142,3142,a,3241
3143,3143,a,3242
3144,3144,a,3243
3145,3145,a,3244
3146,3146,a,3245
3147,3147,a,3246
3148,3148,a,3247
3149,3149,a,3248
3150,3150,a,3249
3151,3151,a,3250
3152,3152,a,3251
3153,3153,a,3252
3154,3154,a,3253
3155,3155,a,3254
3156,3156,a,3255
3157,3157,a,3256
3158,3158,a,3257
3159,3159,a,3258
3160,3160,a,3259
3161,3161,a,3260
3162,3162,a,3261
3163,3163,a,3262
3164,3164,a,3263
3165,3165,a,3264
3166,3166,a,3265
3167,3167,a,3266
3168,3168,a,3267
3169,3169,a,3268
3170,3170,a,3269
3171,3171,a,3270
3172,3172,a,3271
3173,3173,a,3272
3174,3174,a,3273
3175,3175,a,3274
3176,3176,a,3275
3177,3177,a,3276
3178,3178,a,3277
3179,3179,a,3278
3180,3180,a,3279
3181,3181,a,3280
3182,3182,a,3281
3183,3183,a,3282
3184,3184,a,3283
3185,3185,a,3284
3186,3186,a,3285
3187,3187,a,3286
3188,3188,a,3287
3189,3189,a,3288
3190,3190,a,3289
3191,3191,a,3290
3192,3192,a,3291
3193,3193,a,3292
3194,3194,a,3293
3195,3195,a,3294
3196,3196,a,3295
3197,3197,a,3296
3198,3198,a,3297
3199,3199,a,3298
3200,3200,a,3299
3201,3201,a,3300
3202,3202,a,3301
3203,3203,a,3302
3204,3204,a,3303
3205,3205,a,3304
3206,3206,a,3305
3207,3207,a,3306
3208,3208,a,3307
3209,3209,a,3308
3210,3210,a,3309
3211,3211,a,3310
3212,3212,a,3311
3213,3213,a,3312
3214,3214,a,3313
3215,3215,a,3314
3216,3216,a,3315
3217,3217,a,3316
3218,3218,a,3317
3219,3219,a,3318
3220,3220,a,3319
3221,3221,a,3320
3222,3222,a,3321
3223,3223,a,3322
3224,3224,a,3323
3225,3225,a,3324
3226,3226,a,3325
3227,3227,a,3326
3228,3228,a,3327
3229,3229,a,3328
3230,3230,a,3329
3231,3231,a,3330
3232,3232,a,3331
3233,3233,a,3332
3234,3234,a,3333
3235,3235,a,3334
3236,3236,a,3335
3237,3237,a,3336
3238,3238,a,3337
3239,3239,a,3338
3240,3240,a,3339
3241,3241,a,3340
3242,3242,a,3341
3243,3243,a,3342
3244,3244,a,3343
3245,3245,a,3344
3246,3246,a,3345
3247,3247,a,3346
3248,3248,a,3347
3249,3249,a,3348
3250,3250,a,3349
3251,3251,a,3350
3252,3252,a,3351
3253,3253,a,3352
3254,3254,a,3353
3255,3255,a,3354
3256,3256,a,3355
3257,3257,a,3356
3258,3258,a,3357
3259,3259,a,3358
3260,3260,a,3359
3261,3261,a,3360
3262,3262,a,3361
3263,3263,a,3362
3264,3264,a,3363
3265,3265,a,3364
3266,3266,a,3365
3267,3267,a,3366
3268,3268,a,3367
3269,3269,a,3368
3270,3270,a,3369
3271,3271,a,3370
3272,3272,a,3371
3273,3273,a,3372
3274,3274,a,3373
3275,3275,a,3374
3276,3276,a,3375
3277,3277,a,3376
3278,3278,a,3377
3279,3279,a,3378
3280,3280,a,3379
3281,3281,a,3380
3282,3282,a,3381
3283,3283,a,3382
3284,3284,a,3383
3285,3285,a,3384
3286,3286,a,3385
3287,3287,a,3386
3288,3288,a,3387
3289,3289,a,3388
3290,3290,a,3389
3291,3291,a,3390
3292,3292,a,3391
3293,3293,a,3392
3294,3294,a,3393
3295,3295,a,3394
3296,3296,a,3395
3297,3297,a,3396
3298,3298,a,3397
3299,3299,a,3398
3300,3300,a,3399
3301,3301,a,3400
3302,3302,a,3401
3303,3303,a,3402
3304,3304,a,3403
3305,3305,a,3404
3306,3306,a,3405
3307,3307,a,3406
3308,3308,a,3407
3309,3309,a,3408
3310,3310,a,3409
3311,3311,a,3410
3312,3312,a,3411
3313,3313,a,3412
3314,3314,a,3413
3315,3315,a,3414
3316,3316,a,3415
3317,3317,a,3416
3318,3318,a,3417
3319,3319,a,3418
3320,3320,a,3419
3321,3321,a,3420
3322,3322,a,3421
3323,3323,a,3422
3324,3324,a,3423
3325,3325,a,3424
3326,3326,a,3425
3327,3327,a,3426
3328,3328,a,3427
3329,3329,a,3428
3330,3330,a,3429
3331,3331,a,3430
3332,3332,a,3431
3333,3333,a,3432
3334,3334,a,3433
3335,3335,a,3434
3336,3336,a,3435
3337,3337,a,3436
3338,3338,a,3437
3339,3339,a,3438
3340,3340,a,3439
3341,3341,a,3440
3342,3342,a,3441
3343,3343,a,3442
3344,3344,a,3443
3345,3345,a,3444
3346,3346,a,3445
3347,3347,a,3446
3348,3348,a,3447
3349,3349,a,3448
3350,3350,a,3449
3351,3351,a,3450
3352,3352,a,3451
3353,3353,a,3452
3354,3354,a,3453
3355,3355,a,3454
3356,3356,a,3455
3357,3357,a,3456
3358,3358,a,3457
3359,3359,a,3458
3360,3360,a,3459
3361,3361,a,3460
3362,3362,a,3461
3363,3363,a,3462
3364,3364,a,3463
3365,3365,a,3464
3366,3366,a,3465
3367,3367,a,3466
3368,3368,a,3467
3369,3369,a,3468
3370,3370,a,3469
3371,3371,a,3470
3372,3372,a,3471
3373,3373,a,3472
3374,3374,a,3473
3375,3375,a,3474
3376,3376,a,3475
3377,3377,a,3476
3378,3378,a,3477
3379,3379,a,3478
3380,3380,a,3479
3381,3381,a,3480
3382,3382,a,3481
3383,3383,a,3482
3384,3384,a,3483
3385,3385,a,3484
3386,3386,a,3485
3387,3387,a,3486
3388,3388,a,3487
3389,3389,a,3488
3390,3390,a,3489
3391,3391,a,3490
3392,3392,a,3491
3393,3393,a,3492
3394,3394,a,3493
3395,3395,a,3494
3396,3396,a,3495
3397,3397,a,3496
3398,3398,a,3497
3399,3399,a,3498
3400,3400,a,3499
3401,3401,a,3500
3402,3402,a,3501
3403,3403,a,3502
3404,3404,a,3503
3405,3405,a,3504
3406,3406,a,3505
3407,3407,a,3506
3408,3408,a,3507
3409,3409,a,3508
3410,3410,a,3509
3411,3411,a,3510
3412,3412,a,3511
3413,3413,a,3512
3414,3414,a,3513
3415,3415,a,3514
3416,3416,a,3515
3417,3417,a,3516
3418,3418,a,3517
3419,3419,a,3518
3420,3420,a,3519
3421,3421,a,3520
3422,3422,a,3521
3423,3423,a,3522
3424,3424,a,3523
3425,3425,a,3524
3426,3426,a,3525
3427,3427,a,3526
3428,3428,a,3527
3429,3429,a,3528
3430,3430,a,3529
3431,3431,a,3530
3432,3432,a,3531
3433,3433,a,3532
3434,3434,a,3533
3435,3435,a,3534
3436,3436,a,3535
3437,3437,a,3536
3438,3438,a,3537
3439,3439,a,3538
3440,3440,a,3539
3441,3441,a,3540
3442,3442,a,3541
3443,3443,a,3542
3444,3444,a,3543
3445,3445,a,3544
3446,3446,a,3545
3447,3447,a,3546
3448,3448,a,3547
3449,3449,a,3548
3450,3450,a,3549
3451,3451,a,3550
3452,3452,a,3551
3453,3453,a,3552
3454,3454,a,3553
3455,3455,a,3554
3456,3456,a,3555
3457,3457,a,3556
3458,3458,a,3557
3459,3459,a,3558
3460,3460,a,3559
3461,3461,a,3560
3462,3462,a,3561
3463,3463,a,3562
3464,3464,a,3563
3465,3465,a,3564
3466,3466,a,3565
3467,3467,a,3566
3468,3468,a,3567
3469,3469,a,3568
3470,3470,a,3569
3471,3471,a,3570
3472,3472,a,3571
3473,3473,a,3572
3474,3474,a,3573
3475,3475,a,3574
3476,3476,a,3575
3477,3477,a,3576
3478,3478,a,3577
3479,3479,a,3578
3480,3480,a,3579
3481,3481,a,3580
3482,3482,a,3581
3483,3483,a,3582
3484,3484,a,3583
3485,3485,a,3584
3486,3486,a,3585
3487,3487,a,3586
3488,3488,a,3587
3489,3489,a,3588
3490,3490,a,3589
3491,3491,a,3590
3492,3492,a,3591
3493,3493,a,3592
3494,3494,a,3593
3495,3495,a,3594
3496,3496,a,3595
3497,3497,a,3596
3498,3498,a,3597
3499,3499,a,3598
3500,3500,a,3599
3501,3501,a,3600
3502,3502,a,3601
3503,3503,a,3602
3504,3504,a,3603
3505,3505,a,3604
3506,3506,a,3605
3507,3507,a,3606
3508,3508,a,3607
3509,3509,a,3608
3510,3510,a,3609
3511,3511,a,3610
3512,3512,a,3611
3513,3513,a,3612
3514,3514,a,3613
3515,3515,a,3614
3516,3516,a,3615
3517,3517,a,3616
3518,3518,a,3617
3519,3519,a,3618
3520,3520,a,3619
3521,3521,a,3620
3522,3522,a,3621
3523,3523,a,3622
3524,3524,a,3623
3525,3525,a,3624
3526,3526,a,3625
3527,3527,a,3626
3528,3528,a,3627
3529,3529,a,3628
3530,3530,a,3629
3531,3531,a,3630
3532,3532,a,3631
3533,3533,a,3632
3534,3534,a,3633
3535,3535,a,3634
3536,3536,a,3635
3537,3537,a,3636
3538,3538,a,3637
3539,3539,a,3638
3540,3540,a,3639
3541,3541,a,3640
3542,3542,a,3641
3543,3543,a,3642
3544,3544,a,3643
3545,3545,a,3644
3546,3546,a,3645
3547,3547,a,3646
3548,3548,a,3647
3549,3549,a,3648
3550,3550,a,3649
3551,3551,a,3650
3552,3552,a,3651
3553,3553,a,3652
3554,3554,a,3653
3555,3555,a,3654
3556,3556,a,3655
3557,3557,a,3656
3558,3558,a,3657
3559,3559,a,3658
3560,3560,a,3659
3561,3561,a,3660
3562,3562,a,3661
3563,3563,a,3662
3564,3564,a,3663
3565,3565,a,3664
3566,3566,a,3665
3567,3567,a,3666
3568,3568,a,3667
3569,3569,a,3668
3570,3570,a,3669
3571,3571,a,3670
3572,3572,a,3671
3573,3573,a,3672
3574,3574,a,3673
3575,3575,a,3674
3576,3576,a,3675
3577,3577,a,3676
3578,3578,a,3677
3579,3579,a,3678
3580,3580,a,3679
3581,3581,a,3680
3582,3582,a,3681
3583,3583,a,3682
3584,3584,a,3683
3585,3585,a,3684
3586,3586,a,3685
3587,3587,a,3686
3588,3588,a,3687
3589,3589,a,3688
3590,3590,a,3689
3591,3591,a,3690
3592,3592,a,3691
3593,3593,a,3692
3594,3594,a,3693
3595,3595,a,3694
3596,3596,a,3695
3597,3597,a,3696
3598,3598,a,3697
3599,3599,a,3698
3600,3600,a,3699
3601,3601,a,3700
3602,3602,a,3701
3603,3603,a,3702
3604,3604,a,3703
3605,3605,a,3704
3606,3606,a,3705
3607,3607,a,3706
3608,3608,a,3707
3609,3609,a,3708
3610,3610,a,3709
3611,3611,a,3710
3612,3612,a,3711
3613,3613,a,3712
3614,3614,a,3713
3615,3615,a,3714
3616,3616,a,3715
3617,3617,a,3716
3618,3618,a,3717
3619,3619,a,3718
3620,3620,a,3719
3621,3621,a,3720
3622,3622,a,3721
3623,3623,a,3722
3624,3624,a,3723
3625,3625,a,3724
3626,3626,a,3725
3627,3627,a,3726
3628,3628,a,3727
3629,3629,a,3728
3630,3630,a,3729
3631,3631,a,3730
3632,3632,a,3731
3633,3633,a,3732
3634,3634,a,3733
3635,3635,a,3734
3636,3636,a,3735
3637,3637,a,3736
3638,3638,a,3737
3639,3639,a,3738
3640,3640,a,3739
3641,3641,a,3740
3642,3642,a,3741
3643,3643,a,3742
3644,3644,a,3743
3645,3645,a,3744
3646,3646,a,3745
3647,3647,a,3746
3648,3648,a,3747
3649,3649,a,3748
3650,3650,a,3749
3651,3651,a,3750
3652,3652,a,3751
3653,3653,a,3752
3654,3654,a,3753
3655,3655,a,3754
3656,3656,a,3755
3657,3657,a,3756
3658,3658,a,3757
3659,3659,a,3758
3660,3660,a,3759
3661,3661,a,3760
3662,3662,a,3761
3663,3663,a,3762
3664,3664,a,3763
3665,3665,a,3764
3666,3666,a,3765
3667,3667,a,3766
3668,3668,a,3767
3669,3669,a,3768
3670,3670,a,3769
3671,3671,a,3770
3672,3672,a,3771
3673,3673,a,3772
3674,3674,a,3773
3675,3675,a,3774
3676,3676,a,3775
3677,3677,a,3776
3678,3678,a,3777
3679,3679,a,3778
3680,3680,a,3779
3681,3681,a,3780
3682,3682,a,3781
3683,3683,a,3782
3684,3684,a,3783
3685,3685,a,3784
3686,3686,a,3785
3687,3687,a,3786
3688,3688,a,3787
3689,3689,a,3788
3690,3690,a,3789
3691,3691,a,3790
3692,3692,a,3791
3693,3693,a,3792
3694,3694,a,3793
3695,3695,a,3794
3696,3696,a,3795
3697,3697,a,3796
3698,3698,a,3797
3699,3699,a,3798
3700,3700,a,3799
3701,3701,a,3800
3702,3702,a,3801
3703,3703,a,3802
3704,3704,a,3803
3705,3705,a,3804
3706,3706,a,3805
3707,3707,a,3806
3708,3708,a,3807
3709,3709,a,3808
3710,3710,a,3809
3711,3711,a,3810
3712,3712,a,3811
3713,3713,a,3812
3714,3714,a,3813
3715,3715,a,3814
3716,3716,a,3815
3717,3717,a,3816
3718,3718,a,3817
3719,3719,a,3818
3720,3720,a,3819
3721,3721,a,3820
3722,3722,a,3821
3723,3723,a,3822
3724,3724,a,3823
3725,3725,a,3824
3726,3726,a,3825
3727,3727,a,3826
3728,3728,a,3827
3729,3729,a,3828
3730,3730,a,3829
3731,3731,a,3830
3732,3732,a,3831
3733,3733,a,3832
3734,3734,a,3833
3735,3735,a,3834
3736,3736,a,3835
3737,3737,a,3836
3738,3738,a,3837
3739,3739,a,3838
3740,3740,a,3839
3741,3741,a,3840
3742,3742,a,3841
3743,3743,a,3842
3744,3744,a,3843
3745,3745,a,3844
3746,3746,a,3845
3747,3747,a,3846
3748,3748,a,3847
3749,3749,a,3848
3750,3750,a,3849
3751,3751,a,3850
3752,3752,a,3851
3753,3753,a,3852
3754,3754,a,3853
3755,3755,a,3854
3756,3756,a,3855
3757,3757,a,3856
3758,3758,a,3857
3759,3759,a,3858
3760,3760,a,3859
3761,3761,a,3860
3762,3762,a,3861
3763,3763,a,3862
3764,3764,a,3863
3765,3765,a,3864
3766,3766,a,3865
3767,3767,a,3866
3768,3768,a,3867
3769,3769,a,3868
3770,3770,a,3869
3771,3771,a,3870
3772,3772,a,3871
3773,3773,a,3872
3774,3774,a,3873
3775,3775,a,3874
3776,3776,a,3875
3777,3777,a,3876
3778,3778,a,3877
3779,3779,a,3878
3780,3780,a,3879
3781,3781,a,3880
3782,3782,a,3881
3783,3783,a,3882
3784,3784,a,3883
3785,3785,a,3884
3786,3786,a,3885
3787,3787,a,3886
3788,3788,a,3887
3789,3789,a,3888
3790,3790,a,3889
3791,3791,a,3890
3792,3792,a,3891
3793,3793,a,3892
3794,3794,a,3893
3795,3795,a,3894
3796,3796,a,3895
3797,3797,a,3896
3798,3798,a,3897
3799,3799,a,3898
3800,3800,a,3899
3801,3801,a,3900
3802,3802,a,3901
3803,3803,a,3902
3804,3804,a,3903
3805,3805,a,3904
3806,3806,a,3905
3807,3807,a,3906
3808,3808,a,3907
3809,3809,a,3908
3810,3810,a,3909
3811,3811,a,3910
3812,3812,a,3911
3813,3813,a,3912
3814,3814,a,3913
3815,3815,a,3914
3816,3816,a,3915
3817,3817,a,3916
3818,3818,a,3917
3819,3819,a,3918
3820,3820,a,3919
3821,3821,a,3920
3822,3822,a,3921
3823,3823,a,3922
3824,3824,a,3923
3825,3825,a,3924
3826,3826,a,3925
3827,3827,a,3926
3828,3828,a,3927
3829,3829,a,3928
3830,3830,a,3929
3831,3831,a,3930
3832,3832,a,3931
3833,3833,a,3932
3834,3834,a,3933
3835,3835,a,3934
3836,3836,a,3935
3837,3837,a,3936
3838,3838,a,3937
3839,3839,a,3938
3840,3840,a,3939
3841,3841,a,3940
3842,3842,a,3941
3843,3843,a,3942
3844,3844,a,3943
3845,3845,a,3944
3846,3846,a,3945
3847,3847,a,3946
3848,3848,a,3947
3849,3849,a,3948
3850,3850,a,3949
3851,3851,a,3950
3852,3852,a,3951
3853,3853,a,3952
3854,3854,a,3953
3855,3855,a,3954
3856,3856,a,3955
3857,3857,a,3956
3858,3858,a,3957
3859,3859,a,3958
3860,3860,a,3959
3861,3861,a,3960
3862,3862,a,3961
3863,3863,a,3962
3864,3864,a,3963
3865,3865,a,3964
3866,3866,a,3965
3867,3867,a,3966
3868,3868,a,3967
3869,3869,a,3968
3870,3870,a,3969
3871,3871,a,3970
3872,3872,a,3971
3873,3873,a,3972
3874,3874,a,3973
3875,3875,a,3974
3876,3876,a,3975
3877,3877,a,3976
3878,3878,a,3977
3879,3879,a,3978
3880,3880,a,3979
3881,3881,a,3980
3882,3882,a,3981
3883,3883,a,3982
3884,3884,a,3983
3885,3885,a,3984
3886,3886,a,3985
3887,3887,a,3986
3888,3888,a,3987
3889,3889,a,3988
3890,3890,a,3989
3891,3891,a,3990
3892,3892,a,3991
3893,3893,a,3992
3894,3894,a,3993
3895,3895,a,3994
3896,3896,a,3995
3897,3897,a,3996
3898,3898,a,3997
3899,3899,a,3998
3900,3900,a,3999
3901,3901,a,4000
3902,3902,a,4001
3903,3903,a,4002
3904,3904,a,4003
3905,3905,a,4004
3906,3906,a,4005
3907,3907,a,4006
3908,3908,a,4007
3909,3909,a,4008
3910,3910,a,4009
3911,3911,a,4010
3912,3912,a,4011
3913,3913,a,4012
3914,3914,a,4013
3915,3915,a,4014
3916,3916,a,4015
3917,3917,a,4016
3918,3918,a,4017
3919,3919,a,4018
3920,3920,a,4019
3921,3921,a,4020
3922,3922,a,4021
3923,3923,a,4022
3924,3924,a,4023
3925,3925,a,4024
3926,3926,a,4025
3927,3927,a,4026
3928,3928,a,4027
3929,3929,a,4028
3930,3930,a,4029
3931,3931,a,4030
3932,3932,a,4031
3933,3933,a,4032
3934,3934,a,4033
3935,3935,a,4034
3936,3936,a,4035
3937,3937,a,4036
3938,3938,a,4037
3939,3939,a,4038
3940,3940,a,4039
3941,3941,a,4040
3942,3942,a,4041
3943,3943,a,4042
3944,3944,a,4043
3945,3945,a,4044
3946,3946,a,4045
3947,3947,a,4046
3948,3948,a,4047
3949,3949,a,4048
3950,3950,a,4049
3951,3951,a,4050
3952,3952,a,4051
3953,3953,a,4052
3954,3954,a,4053
3955,3955,a,4054
3956,3956,a,4055
3957,3957,a,4056
3958,3958,a,4057
3959,3959,a,4058
3960,3960,a,4059
3961,3961,a,4060
3962,3962,a,4061
3963,3963,a,4062
3964,3964,a,4063
3965,3965,a,4064
3966,3966,a,4065
3967,3967,a,4066
3968,3968,a,4067
3969,3969,a,4068
3970,3970,a,4069
3971,3971,a,4070
3972,3972,a,4071
3973,3973,a,4072
3974,3974,a,4073
3975,3975,a,4074
3976,3976,a,4075
3977,3977,a,4076
3978,3978,a,4077
3979,3979,a,4078
3980,3980,a,4079
3981,3981,a,4080
3982,3982,a,4081
3983,3983,a,4082
3984,3984,a,4083
3985,3985,a,4084
3986,3986,a,4085
3987,3987,a,4086
3988,3988,a,4087
3989,3989,a,4088
3990,3990,a,4089
3991,3991,a,4090
3992,3992,a,4091
3993,3993,a,4092
3994,3994,a,4093
3995,3995,a,4094
3996,3996,a,4095
3997,3997,a,4096
3998,3998,a,4097
3999,3999,a,4098
4000,4000,a,4099
4001,4001,a,4100
4002,4002,a,4101
4003,4003,a,4102
4004,4004,a,4103
4005,4005,a,4104
4006,4006,a,4105
4007,4007,a,4106
4008,4008,a,4107
4009,4009,a,4108
4010,4010,a,4109
4011,4011,a,4110
4012,4012,a,4111
4013,4013,a,4112
4014,4014,a,4113
4015,4015,a,4114
4016,4016,a,4115
4017,4017,a,4116
4018,4018,a,4117
4019,4019,a,4118
4020,4020,a,4119
4021,4021,a,4120
4022,4022,a,4121
4023,4023,a,4122
4024,4024,a,4123
4025,4025,a,4124
4026,4026,a,4125
4027,4027,a,4126
4028,4028,a,4127
4029,4029,a,4128
4030,4030,a,4129
4031,4031,a,4130
4032,4032,a,4131
4033,4033,a,4132
4034,4034,a,4133
4035,4035,a,4134
4036,4036,a,4135
4037,4037,a,4136
4038,4038,a,4137
4039,4039,a,4138
4040,4040,a,4139
4041,4041,a,4140
4042,4042,a,4141
4043,4043,a,4142
4044,4044,a,4143
4045,4045,a,4144
4046,4046,a,4145
4047,4047,a,4146
4048,4048,a,4147
4049,4049,a,4148
4050,4050,a,4149
4051,4051,a,4150
4052,4052,a,4151
4053,4053,a,4152
4054,4054,a,4153
4055,4055,a,4154
4056,4056,a,4155
4057,4057,a,4156
4058,4058,a,4157
4059,4059,a,4158
4060,4060,a,4159
4061,4061,a,4160
4062,4062,a,4161
4063,4063,a,4162
4064,4064,a,4163
4065,4065,a,4164
4066,4066,a,4165
4067,4067,a,4166
4068,4068,a,4167
4069,4069,a,4168
4070,4070,a,4169
4071,4071,a,4170
4072,4072,a,4171
4073,4073,a,4172
4074,4074,a,4173
4075,4075,a,4174
4076,4076,a,4175
4077,4077,a,4176
4078,4078,a,4177
4079,4079,a,4178
4080,4080,a,4179
4081,4081,a,4180
4082,4082,a,4181
4083,4083,a,4182
4084,4084,a,4183
4085,4085,a,4184
4086,4086,a,4185
4087,4087,a,4186
4088,4088,a,4187
4089,4089,a,4188
4090,4090,a,4189
4091,4091,a,4190
4092,4092,a,4191
4093,4093,a,4192
4094,4094,a,4193
4095,4095,a,4194
4096,4096,a,4195
4097,4097,a,4196
4098,4098,a,4197
4099,4099,a,4198
4100,4100,a,4199
4101,4101,a,4200
4102,4102,a,4201
4103,4103,a,4202
4104,4104,a,4203
4105,4105,a,4204
4106,4106,a,4205
4107,4107,a,4206
4108,4108,a,4207
4109,4109,a,4208
4110,4110,a,4209
4111,4111,a,4210
4112,4112,a,4211
4113,4113,a,4212
4114,4114,a,4213
4115,4115,a,4214
4116,4116,a,4215
4117,4117,a,4216
4118,4118,a,4217
4119,4119,a,4218
4120,4120,a,4219
4121,4121,a,4220
4122,4122,a,4221
4123,4123,a,4222
4124,4124,a,4223
4125,4125,a,4224
4126,4126,a,4225
4127,4127,a,4226
4128,4128,a,4227
4129,4129,a,4228
4130,4130,a,4229
4131,4131,a,4230
4132,4132,a,4231
4133,4133,a,4232
4134,4134,a,4233
4135,4135,a,4234
4136,4136,a,4235
4137,4137,a,4236
4138,4138,a,4237
4139,4139,a,4238
4140,4140,a,4239
4141,4141,a,4240
4142,4142,a,4241
4143,4143,a,4242
4144,4144,a,4243
4145,4145,a,4244
4146,4146,a,4245
4147,4147,a,4246
4148,4148,a,4247
4149,4149,a,4248
4150,4150,a,4249
4151,4151,a,4250
4152,4152,a,4251
4153,4153,a,4252
4154,4154,a,4253
4155,4155,a,4254
4156,4156,a,4255
4157,4157,a,4256
4158,4158,a,4257
4159,4159,a,4258
4160,4160,a,4259
4161,4161,a,4260
4162,4162,a,4261
4163,4163,a,4262
4164,4164,a,4263
4165,4165,a,4264
4166,4166,a,4265
4167,4167,a,4266
4168,4168,a,4267
4169,4169,a,4268
4170,4170,a,4269
4171,4171,a,4270
4172,4172,a,4271
4173,4173,a,4272
4174,4174,a,4273
4175,4175,a,4274
4176,4176,a,4275
4177,4177,a,4276
4178,4178,a,4277
4179,4179,a,4278
4180,4180,a,4279
4181,4181,a,4280
4182,4182,a,4281
4183,4183,a,4282
4184,4184,a,4283
4185,4185,a,4284
4186,4186,a,4285
4187,4187,a,4286
4188,4188,a,4287
4189,4189,a,4288
4190,4190,a,4289
4191,4191,a,4290
4192,4192,a,4291
4193,4193,a,4292
4194,4194,a,4293
4195,4195,a,4294
4196,4196,a,4295
4197,4197,a,4296
4198,4198,a,4297
4199,4199,a,4298
4200,4200,a,4299
4201,4201,a,4300
4202,4202,a,4301
4203,4203,a,4302
4204,4204,a,4303
4205,4205,a,4304
4206,4206,a,4305
4207,4207,a,4306
4208,4208,a,4307
4209,4209,a,4308
4210,4210,a,4309
4211,4211,a,4310
4212,4212,a,4311
4213,4213,a,4312
4214,4214,a,4313
4215,4215,a,4314
4216,4216,a,4315
4217,4217,a,4316
4218,4218,a,4317
4219,4219,a,4318
4220,4220,a,4319
4221,4221,a,4320
4222,4222,a,4321
4223,4223,a,4322
4224,4224,a,4323
4225,4225,a,4324
4226,4226,a,4325
4227,4227,a,4326
4228,4228,a,4327
4229,4229,a,4328
4230,4230,a,4329
4231,4231,a,4330
4232,4232,a,4331
4233,4233,a,4332
4234,4234,a,4333
4235,4235,a,4334
4236,4236,a,4335
4237,4237,a,4336
4238,4238,a,4337
4239,4239,a,4338
4240,4240,a,4339
4241,4241,a,4340
4242,4242,a,4341
4243,4243,a,4342
4244,4244,a,4343
4245,4245,a,4344
4246,4246,a,4345
4247,4247,a,4346
4248,4248,a,4347
4249,4249,a,4348
4250,4250,a,4349
4251,4251,a,4350
4252,4252,a,4351
4253,4253,a,4352
4254,4254,a,4353
4255,4255,a,4354
4256,4256,a,4355
4257,4257,a,4356
4258,4258,a,4357
4259,4259,a,4358
4260,4260,a,4359
4261,4261,a,4360
4262,4262,a,4361
4263,4263,a,4362
4264,4264,a,4363
4265,4265,a,4364
4266,4266,a,4365
4267,4267,a,4366
4268,4268,a,4367
4269,4269,a,4368
4270,4270,a,4369
4271,4271,a,4370
4272,4272,a,4371
4273,4273,a,4372
4274,4274,a,4373
4275,4275,a,4374
4276,4276,a,4375
4277,4277,a,4376
4278,4278,a,4377
4279,4279,a,4378
4280,4280,a,4379
4281,4281,a,4380
4282,4282,a,4381
4283,4283,a,4382
4284,4284,a,4383
4285,4285,a,4384
4286,4286,a,4385
4287,4287,a,4386
4288,4288,a,4387
4289,4289,a,4388
4290,4290,a,4389
4291,4291,a,4390
4292,4292,a,4391
4293,4293,a,4392
4294,4294,a,4393
4295,4295,a,4394
4296,4296,a,4395
4297,4297,a,4396
4298,4298,a,4397
4299,4299,a,4398
4300,4300,a,4399
4301,4301,a,4400
4302,4302,a,4401
4303,4303,a,4402
4304,4304,a,4403
4305,4305,a,4404
4306,4306,a,4405
4307,4307,a,4406
4308,4308,a,4407
4309,4309,a,4408
4310,4310,a,4409
4311,4311,a,4410
4312,4312,a,4411
4313,4313,a,4412
4314,4314,a,4413
4315,4315,a,4414
4316,4316,a,4415
4317,4317,a,4416
4318,4318,a,4417
4319,4319,a,4418
4320,4320,a,4419
4321,4321,a,4420
4322,4322,a,4421
4323,4323,a,4422
4324,4324,a,4423
4325,4325,a,4424
4326,4326,a,4425
4327,4327,a,4426
4328,4328,a,4427
4329,4329,a,4428
4330,4330,a,4429
4331,4331,a,4430
4332,4332,a,4431
4333,4333,a,4432
4334,4334,a,4433
4335,4335,a,4434
4336,4336,a,4435
4337,4337,a,4436
4338,4338,a,4437
4339,4339,a,4438
4340,4340,a,4439
4341,4341,a,4440
4342,4342,a,4441
4343,4343,a,4442
4344,4344,a,4443
4345,4345,a,4444
4346,4346,a,4445
4347,4347,a,4446
4348,4348,a,4447
4349,4349,a,4448
4350,4350,a,4449
4351,4351,a,4450
4352,4352,a,4451
4353,4353,a,4452
4354,4354,a,4453
4355,4355,a,4454
4356,4356,a,4455
4357,4357,a,4456
4358,4358,a,4457
4359,4359,a,4458
4360,4360,a,4459
4361,4361,a,4460
4362,4362,a,4461
4363,4363,a,4462
4364,4364,a,4463
4365,4365,a,4464
4366,4366,a,4465
4367,4367,a,4466
4368,4368,a,4467
4369,4369,a,4468
4370,4370,a,4469
4371,4371,a,4470
4372,4372,a,4471
4373,4373,a,4472
4374,4374,a,4473
4375,4375,a,4474
4376,4376,a,4475
4377,4377,a,4476
4378,4378,a,4477
4379,4379,a,4478
4380,4380,a,4479
4381,4381,a,4480
4382,4382,a,4481
4383,4383,a,4482
4384,4384,a,4483
4385,4385,a,4484
4386,4386,a,4485
4387,4387,a,4486
4388,4388,a,4487
4389,4389,a,4488
4390,4390,a,4489
4391,4391,a,4490
4392,4392,a,4491
4393,4393,a,4492
4394,4394,a,4493
4395,4395,a,4494
4396,4396,a,4495
4397,4397,a,4496
4398,4398,a,4497
4399,4399,a,4498
4400,4400,a,4499
4401,4401,a,4500
4402,4402,a,4501
4403,4403,a,4502
4404,4404,a,4503
4405,4405,a,4504
4406,4406,a,4505
4407,4407,a,4506
4408,4408,a,4507
4409,4409,a,4508
4410,4410,a,4509
4411,4411,a,4510
4412,4412,a,4511
4413,4413,a,4512
4414,4414,a,4513
4415,4415,a,4514
4416,4416,a,4515
4417,4417,a,4516
4418,4418,a,4517
4419,4419,a,4518
4420,4420,a,4519
4421,4421,a,4520
4422,4422,a,4521
4423,4423,a,4522
4424,4424,a,4523
4425,4425,a,4524
4426,4426,a,4525
4427,4427,a,4526
4428,4428,a,4527
4429,4429,a,4528
4430,4430,a,4529
4431,4431,a,4530
4432,4432,a,4531
4433,4433,a,4532
4434,4434,a,4533
4435,4435,a,4534
4436,4436,a,4535
4437,4437,a,4536
4438,4438,a,4537
4439,4439,a,4538
4440,4440,a,4539
4441,4441,a,4540
4442,4442,a,4541
4443,4443,a,4542
4444,4444,a,4543
4445,4445,a,4544
4446,4446,a,4545
4447,4447,a,4546
4448,4448,a,4547
4449,4449,a,4548
4450,4450,a,4549
4451,4451,a,4550
4452,4452,a,4551
4453,4453,a,4552
4454,4454,a,4553
4455,4455,a,4554
4456,4456,a,4555
4457,4457,a,4556
4458,4458,a,4557
4459,4459,a,4558
4460,4460,a,4559
4461,4461,a,4560
4462,4462,a,4561
4463,4463,a,4562
4464,4464,a,4563
4465,4465,a,4564
4466,4466,a,4565
4467,4467,a,4566
4468,4468,a,4567
4469,4469,a,4568
4470,4470,a,4569
4471,4471,a,4570
4472,4472,a,4571
4473,4473,a,4572
4474,4474,a,4573
4475,4475,a,4574
4476,4476,a,4575
4477,4477,a,4576
4478,4478,a,4577
4479,4479,a,4578
4480,4480,a,4579
4481,4481,a,4580
4482,4482,a,4581
4483,4483,a,4582
4484,4484,a,4583
4485,4485,a,4584
4486,4486,a,4585
4487,4487,a,4586
4488,4488,a,4587
4489,4489,a,4588
4490,4490,a,4589
4491,4491,a,4590
4492,4492,a,4591
4493,4493,a,4592
4494,4494,a,4593
4495,4495,a,4594
4496,4496,a,4595
4497,4497,a,4596
4498,4498,a,4597
4499,4499,a,4598
4500,4500,a,4599
4501,4501,a,4600
4502,4502,a,4601
4503,4503,a,4602
4504,4504,a,4603
4505,4505,a,4604
4506,4506,a,4605
4507,4507,a,4606
4508,4508,a,4607
4509,4509,a,4608
4510,4510,a,4609
4511,4511,a,4610
4512,4512,a,4611
4513,4513,a,4612
4514,4514,a,4613
4515,4515,a,4614
4516,4516,a,4615
4517,4517,a,4616
4518,4518,a,4617
4519,4519,a,4618
4520,4520,a,4619
4521,4521,a,4620
4522,4522,a,4621
4523,4523,a,4622
4524,4524,a,4623
4525,4525,a,4624
4526,4526,a,4625
4527,4527,a,4626
4528,4528,a,4627
4529,4529,a,4628
4530,4530,a,4629
4531,4531,a,4630
4532,4532,a,4631
4533,4533,a,4632
4534,4534,a,4633
4535,4535,a,4634
4536,4536,a,4635
4537,4537,a,4636
4538,4538,a,4637
4539,4539,a,4638
4540,4540,a,4639
4541,4541,a,4640
4542,4542,a,4641
4543,4543,a,4642
4544,4544,a,4643
4545,4545,a,4644
4546,4546,a,4645
4547,4547,a,4646
4548,4548,a,4647
4549,4549,a,4648
4550,4550,a,4649
4551,4551,a,4650
4552,4552,a,4651
4553,4553,a,4652
4554,4554,a,4653
4555,4555,a,4654
4556,4556,a,4655
4557,4557,a,4656
4558,4558,a,4657
4559,4559,a,4658
4560,4560,a,4659
4561,4561,a,4660
4562,4562,a,4661
4563,4563,a,4662
4564,4564,a,4663
4565,4565,a,4664
4566,4566,a,4665
4567,4567,a,4666
4568,4568,a,4667
4569,4569,a,4668
4570,4570,a,4669
4571,4571,a,4670
4572,4572,a,4671
4573,4573,a,4672
4574,4574,a,4673
4575,4575,a,4674
4576,4576,a,4675
4577,4577,a,4676
4578,4578,a,4677
4579,4579,a,4678
4580,4580,a,4679
4581,4581,a,4680
4582,4582,a,4681
4583,4583,a,4682
4584,4584,a,4683
4585,4585,a,4684
4586,4586,a,4685
4587,4587,a,4686
4588,4588,a,4687
4589,4589,a,4688
4590,4590,a,4689
4591,4591,a,4690
4592,4592,a,4691
4593,4593,a,4692
4594,4594,a,4693
4595,4595,a,4694
4596,4596,a,4695
4597,4597,a,4696
4598,4598,a,4697
4599,4599,a,4698
4600,4600,a,4699
4601,4601,a,4700
4602,4602,a,4701
4603,4603,a,4702
4604,4604,a,4703
4605,4605,a,4704
4606,4606,a,4705
4607,4607,a,4706
4608,4608,a,4707
4609,4609,a,4708
4610,4610,a,4709
4611,4611,a,4710
4612,4612,a,4711
4613,4613,a,4712
4614,4614,a,4713
4615,4615,a,4714
4616,4616,a,4715
4617,4617,a,4716
4618,4618,a,4717
4619,4619,a,4718
4620,4620,a,4719
4621,4621,a,4720
4622,4622,a,4721
4623,4623,a,4722
4624,4624,a,4723
4625,4625,a,4724
4626,4626,a,4725
4627,4627,a,4726
4628,4628,a,4727
4629,4629,a,4728
4630,4630,a,4729
4631,4631,a,4730
4632,4632,a,4731
4633,4633,a,4732
4634,4634,a,4733
4635,4635,a,4734
4636,4636,a,4735
4637,4637,a,4736
4638,4638,a,4737
4639,4639,a,4738
4640,4640,a,4739
4641,4641,a,4740
4642,4642,a,4741
4643,4643,a,4742
4644,4644,a,4743
4645,4645,a,4744
4646,4646,a,4745
4647,4647,a,4746
4648,4648,a,4747
4649,4649,a,4748
4650,4650,a,4749
4651,4651,a,4750
4652,4652,a,4751
4653,4653,a,4752
4654,4654,a,4753
4655,4655,a,4754
4656,4656,a,4755
4657,4657,a,4756
4658,4658,a,4757
4659,4659,a,4758
4660,4660,a,4759
4661,4661,a,4760
4662,4662,a,4761
4663,4663,a,4762
4664,4664,a,4763
4665,4665,a,4764
4666,4666,a,4765
4667,4667,a,4766
4668,4668,a,4767
4669,4669,a,4768
4670,4670,a,4769
4671,4671,a,4770
4672,4672,a,4771
4673,4673,a,4772
4674,4674,a,4773
4675,4675,a,4774
4676,4676,a,4775
4677,4677,a,4776
4678,4678,a,4777
4679,4679,a,4778
4680,4680,a,4779
4681,4681,a,4780
4682,4682,a,4781
4683,4683,a,4782
4684,4684,a,4783
4685,4685,a,4784
4686,4686,a,4785
4687,4687,a,4786
4688,4688,a,4787
4689,4689,a,4788
4690,4690,a,4789
4691,4691,a,4790
4692,4692,a,4791
4693,4693,a,4792
4694,4694,a,4793
4695,4695,a,4794
4696,4696,a,4795
4697,4697,a,4796
4698,4698,a,4797
4699,4699,a,4798
4700,4700,a,4799
4701,4701,a,4800
4702,4702,a,4801
4703,4703,a,4802
4704,4704,a,4803
4705,4705,a,4804
4706,4706,a,4805
4707,4707,a,4806
4708,4708,a,4807
4709,4709,a,4808
4710,4710,a,4809
4711,4711,a,4810
4712,4712,a,4811
4713,4713,a,4812
4714,4714,a,4813
4715,4715,a,4814
4716,4716,a,4815
4717,4717,a,4816
4718,4718,a,4817
4719,4719,a,4818
4720,4720,a,4819
4721,4721,a,4820
4722,4722,a,4821
4723,4723,a,4822
4724,4724,a,4823
4725,4725,a,4824
4726,4726,a,4825
4727,4727,a,4826
4728,4728,a,4827
4729,4729,a,4828
4730,4730,a,4829
4731,4731,a,4830
4732,4732,a,4831
4733,4733,a,4832
4734,4734,a,4833
4735,4735,a,4834
4736,4736,a,4835
4737,4737,a,4836
4738,4738,a,4837
4739,4739,a,4838
4740,4740,a,4839
4741,4741,a,4840
4742,4742,a,4841
4743,4743,a,4842
4744,4744,a,4843
4745,4745,a,4844
4746,4746,a,4845
4747,4747,a,4846
4748,4748,a,4847
4749,4749,a,4848
4750,4750,a,4849
4751,4751,a,4850
4752,4752,a,4851
4753,4753,a,4852
4754,4754,a,4853
4755,4755,a,4854
4756,4756,a,4855
4757,4757,a,4856
4758,4758,a,4857
4759,4759,a,4858
4760,4760,a,4859
4761,4761,a,4860
4762,4762,a,4861
4763,4763,a,4862
4764,4764,a,4863
4765,4765,a,4864
4766,4766,a,4865
4767,4767,a,4866
4768,4768,a,4867
4769,4769,a,4868
4770,4770,a,4869
4771,4771,a,4870
4772,4772,a,4871
4773,4773,a,4872
4774,4774,a,4873
4775,4775,a,4874
4776,4776,a,4875
4777,4777,a,4876
4778,4778,a,4877
4779,4779,a,4878
4780,4780,a,4879
4781,4781,a,4880
4782,4782,a,4881
4783,4783,a,4882
4784,4784,a,4883
4785,4785,a,4884
4786,4786,a,4885
4787,4787,a,4886
4788,4788,a,4887
4789,4789,a,4888
4790,4790,a,4889
4791,4791,a,4890
4792,4792,a,4891
4793,4793,a,4892
4794,4794,a,4893
4795,4795,a,4894
4796,4796,a,4895
4797,4797,a,4896
4798,4798,a,4897
4799,4799,a,4898
4800,4800,a,4899
4801,4801,a,4900
4802,4802,a,4901
4803,4803,a,4902
4804,4804,a,4903
4805,4805,a,4904
4806,4806,a,4905
4807,4807,a,4906
4808,4808,a,4907
4809,4809,a,4908
4810,4810,a,4909
4811,4811,a,4910
4812,4812,a,4911
4813,4813,a,4912
4814,4814,a,4913
4815,4815,a,4914
4816,4816,a,4915
4817,4817,a,4916
4818,4818,a,4917
4819,4819,a,4918
4820,4820,a,4919
4821,4821,a,4920
4822,4822,a,4921
4823,4823,a,4922
4824,4824,a,4923
4825,4825,a,4924
4826,4826,a,4925
4827,4827,a,4926
4828,4828,a,4927
4829,4829,a,4928
4830,4830,a,4929
4831,4831,a,4930
4832,4832,a,4931
4833,4833,a,4932
4834,4834,a,4933
4835,4835,a,4934
4836,4836,a,4935
4837,4837,a,4936
4838,4838,a,4937
4839,4839,a,4938
4840,4840,a,4939
4841,4841,a,4940
4842,4842,a,4941
4843,4843,a,4942
4844,4844,a,4943
4845,4845,a,4944
4846,4846,a,4945
4847,4847,a,4946
4848,4848,a,4947
4849,4849,a,4948
4850,4850,a,4949
4851,4851,a,4950
4852,4852,a,4951
4853,4853,a,4952
4854,4854,a,4953
4855,4855,a,4954
4856,4856,a,4955
4857,4857,a,4956
4858,4858,a,4957
4859,4859,a,4958
4860,4860,a,4959
4861,4861,a,4960
4862,4862,a,4961
4863,4863,a,4962
4864,4864,a,4963
4865,4865,a,4964
4866,4866,a,4965
4867,4867,a,4966
4868,4868,a,4967
4869,4869,a,4968
4870,4870,a,4969
4871,4871,a,4970
4872,4872,a,4971
4873,4873,a,4972
4874,4874,a,4973
4875,4875,a,4974
4876,4876,a,4975
4877,4877,a,4976
4878,4878,a,4977
4879,4879,a,4978
4880,4880,a,4979
4881,4881,a,4980
4882,4882,a,4981
4883,4883,a,4982
4884,4884,a,4983
4885,4885,a,4984
4886,4886,a,4985
4887,4887,a,4986
4888,4888,a,4987
4889,4889,a,4988
4890,4890,a,4989
4891,4891,a,4990
4892,4892,a,4991
4893,4893,a,4992
4894,4894,a,4993
4895,4895,a,4994
4896,4896,a,4995
4897,4897,a,4996
4898,4898,a,4997
4899,4899,a,4998
4900,4900,a,4999
4901,4901,a,5000
4902,4902,a,5000
4903,4903,a,5000
4904,4904,a,5000
4905,4905,a,5000
4906,4906,a,5000
4907,4907,a,5000
4908,4908,a,5000
4909,4909,a,5000
4910,4910,a,5000
4911,4911,a,5000
4912,4912,a,5000
4913,4913,a,5000
4914,4914,a,5000
4915,4915,a,5000
4916,4916,a,5000
4917,4917,a,5000
4918,4918,a,5000
4919,4919,a,5000
4920,4920,a,5000
4921,4921,a,5000
4922,4922,a,5000
4923,4923,a,5000
4924,4924,a,5000
4925,4925,a,5000
4926,4926,a,5000
4927,4927,a,5000
4928,4928,a,5000
4929,4929,a,5000
4930,4930,a,5000
4931,4931,a,5000
4932,4932,a,5000
4933,4933,a,5000
4934,4934,a,5000
4935,4935,a,5000
4936,4936,a,5000
4937,4937,a,5000
4938,4938,a,5000
4939,4939,a,5000
4940,4940,a,5000
4941,4941,a,5000
4942,4942,a,5000
4943,4943,a,5000
4944,4944,a,5000
4945,4945,a,5000
4946,4946,a,5000
4947,4947,a,5000
4948,4948,a,5000
4949,4949,a,5000
4950,4950,a,5000
4951,4951,a,5000
4952,4952,a,5000
4953,4953,a,5000
4954,4954,a,5000
4955,4955,a,5000
4956,4956,a,5000
4957,4957,a,5000
4958,4958,a,5000
4959,4959,a,5000
4960,4960,a,5000
4961,4961,a,5000
4962,4962,a,5000
4963,4963,a,5000
4964,4964,a,5000
4965,4965,a,5000
4966,4966,a,5000
4967,4967,a,5000
4968,4968,a,5000
4969,4969,a,5000
4970,4970,a,5000
4971,4971,a,5000
4972,4972,a,5000
4973,4973,a,5000
4974,4974,a,5000
4975,4975,a,5000
4976,4976,a,5000
4977,4977,a,5000
4978,4978,a,5000
4979,4979,a,5000
4980,4980,a,5000
4981,4981,a,5000
4982,4982,a,5000
4983,4983,a,5000
4984,4984,a,5000
4985,4985,a,5000
4986,4986,a,5000
4987,4987,a,5000
4988,4988,a,5000
4989,4989,a,5000
4990,4990,a,5000
4991,4991,a,5000
4992,4992,a,5000
4993,4993,a,5000
4994,4994,a,5000
4995,4995,a,5000
4996,4996,a,5000
4997,4997,a,5000
4998,4998,a,5000
4999,4999,a,5000
5000,5000,a,5000
